Business Photo,Business Alias,Business Name,Rating,Images,Language,Review,Cool Count,Funny Count,Useful Count,Photo User Url,Display Name,Location,Author Friend Count,Author Review Count,Author Photo Count,Truncated Elite Year,Feedback Date,Reply Text,Reply Name,Reply Photo,Reply Date,Check In Count,Is First Reviewer,Has Placed Reservation
https://s3-media0.fl.yelpcdn.com/bphoto/5RQKj7ApZFMGQXro9-Gb3Q/180s.jpg,brimleys-white-glove-chem-dry-mesa-2,Brimley's White Glove Chem-Dry,5,,en,I use Brimley's for our home and office carpet cleaning. Our last office cleaning exceeded our expectations because they were able to accommodate our office cleaning after hours. Their office staff seems almost too good at follow up and communication through the scheduling process. :) No hard on selling upgrades. Clean cut techs. You feel comfortable having them in you home or place of business. Would I recommend them to another business or friend? Absolutely!,0,0,0,https://s3-media0.fl.yelpcdn.com/photo/0YCwzmHTEQUiv3ZId9uFMw/180s.jpg,Taylor W.,"Mesa, AZ",91,19,9,,2017-07-27,"Great to hear, thanks so much! That's what we're always aiming for.  I appreciate you taking the time to share your experiences - JoAnn",Michael C.,https://s3-media0.fl.yelpcdn.com/buphoto/ErwZfOEWrrD_tssYE-j2LQ/90s.jpg,2017-08-29,0,FALSE,FALSE
https://s3-media0.fl.yelpcdn.com/bphoto/5RQKj7ApZFMGQXro9-Gb3Q/180s.jpg,brimleys-white-glove-chem-dry-mesa-2,Brimley's White Glove Chem-Dry,5,,en,I've had Brimley's White Glove Chem Dry out to my house a few times now. The technicians are always super friendly. They also call on their way to be he house so you know ecactly when they are coming which is nice. My carpets and upholstery look amazing after they come to clean them. Highly recommend these guys,0,0,2,https://s3-media0.fl.yelpcdn.com/photo/fGQ-JPxBmePimbP4WApDnw/180s.jpg,Cathy J.,"Mesa, AZ",1,2,1,,2014-08-28,,,,,0,FALSE,FALSE
https://s3-media0.fl.yelpcdn.com/bphoto/5RQKj7ApZFMGQXro9-Gb3Q/180s.jpg,brimleys-white-glove-chem-dry-mesa-2,Brimley's White Glove Chem-Dry,5,,en,"My carpets take a beating with 5 kids and their friends running around and every time Brimley's comes I am shocked how good my carpets look again!  The first time they came they removed stains that had been there for years, I thought they were permanent! The employees are top notch, they are professional and work hard to get the job done. I recommend them to everyone, you will be so glad you called them once you see their work!",0,0,2,https://s3-media0.fl.yelpcdn.com/photo/X7_clymDhtX4bAp9Az0JDA/180s.jpg,Katie J.,"Mesa, AZ",80,38,2,,2013-01-14,,,,,0,FALSE,FALSE
https://s3-media0.fl.yelpcdn.com/bphoto/5RQKj7ApZFMGQXro9-Gb3Q/180s.jpg,brimleys-white-glove-chem-dry-mesa-2,Brimley's White Glove Chem-Dry,5,,en,My parents have been using this Brimley's White Glove Chem-Dry for years! This is a great company to do business with.,0,0,2,https://s3-media0.fl.yelpcdn.com/photo/hUUdgxpgkpNTI9KbSQlAWQ/180s.jpg,Andrew B.,"Sandy, UT",32,31,13,,2013-01-12,,,,,0,FALSE,FALSE
https://s3-media0.fl.yelpcdn.com/bphoto/5RQKj7ApZFMGQXro9-Gb3Q/180s.jpg,brimleys-white-glove-chem-dry-mesa-2,Brimley's White Glove Chem-Dry,5,,en,"I've had a good experience both times I've had them clean my carpets. My research indicates that use the best technique. They communicate well and are honest. Prices are good, too. I will definitely do business with them again.",0,0,0,,Brian M.,"Mesa, AZ",1,21,1,,2025-08-09,,,,,0,FALSE,FALSE
https://s3-media0.fl.yelpcdn.com/bphoto/5RQKj7ApZFMGQXro9-Gb3Q/180s.jpg,brimleys-white-glove-chem-dry-mesa-2,Brimley's White Glove Chem-Dry,5,,en,"Terry @ Brimley's is very responsive to her customers. She immediately contacted Dave who did a very through job! I added my upholstered couch and it came out perfect. 

Smelled fresh and clean, better than new!  

Debbie Scottsdale AZ",0,0,0,https://s3-media0.fl.yelpcdn.com/photo/UlM0prjT7w-VnW_D-7MKUA/180s.jpg,Debbie M.,"Scottsdale, AZ",2,16,1,,2024-09-05,,,,,0,FALSE,FALSE
https://s3-media0.fl.yelpcdn.com/bphoto/5RQKj7ApZFMGQXro9-Gb3Q/180s.jpg,brimleys-white-glove-chem-dry-mesa-2,Brimley's White Glove Chem-Dry,5,,en,"This is my 4th or 5th time using Brimley's, and they just keep winning me as a repeat customer. My now 27-year-old carpeting keeps getting older but Brimley's keeps breathing new life into it, always exceeding my expectations. Plus their technicians are unfailingly professional. This time the work was done by Nick, who was on time, friendly and courteous, extremely thorough and efficient. I've been wanting to get new flooring to replace this old wall-to-wall carpet for quite some time, but until I can afford to do that, Brimley's makes living on it more than tolerable. So happy to have fresh, clean floors again, and I will continue to use this company for as long as I have carpeting in my house.",0,0,0,https://s3-media0.fl.yelpcdn.com/photo/FWw7GjqFgyI_wz5CBBAYzQ/180s.jpg,Annice L.,"Mesa, AZ",0,19,2,,2024-05-24,,,,,0,FALSE,FALSE
https://s3-media0.fl.yelpcdn.com/bphoto/5RQKj7ApZFMGQXro9-Gb3Q/180s.jpg,brimleys-white-glove-chem-dry-mesa-2,Brimley's White Glove Chem-Dry,4,,en,"We looked in the ""My Guy Referrals"" under carpet and upholstery cleaning. This company was listed, so we called. 

Called them Monday and set up cleaning of 2 recliners and 2 rooms of carpet for that Wednesday morning. 

The technician was Brian. A very personable man, and seemed to know his business.  After a discussion about the fabric on one of the recliners, we elected to not clean it using the Chem-Dry solution...fearing it might change the feel of it. 

The he pretreated the high traffic areas, and completed cleaning everything within 90 minutes.  With fans on, it should all be dry within 4-8 hours. 

So far a great experience with this process. Next year we will ask for Brian.",0,0,0,https://s3-media0.fl.yelpcdn.com/photo/Jm-SsssJ0z4xktUgD40Pvw/180s.jpg,Julie D.,"Rohnert Park, CA",15,69,21,,2023-03-01,,,,,0,FALSE,FALSE
https://s3-media0.fl.yelpcdn.com/bphoto/5RQKj7ApZFMGQXro9-Gb3Q/180s.jpg,brimleys-white-glove-chem-dry-mesa-2,Brimley's White Glove Chem-Dry,5,,en,Brimley's does an amazing on  our carpets. Love that it dries quickly.  They look great.  Wouldn't use anyone else.,0,0,0,https://s3-media0.fl.yelpcdn.com/photo/EfkhUNy4gziIteJzvpF9NA/180s.jpg,Sheila S.,"San Francisco, CA",3,17,1,,2024-03-21,,,,,0,FALSE,FALSE
https://s3-media0.fl.yelpcdn.com/bphoto/5RQKj7ApZFMGQXro9-Gb3Q/180s.jpg,brimleys-white-glove-chem-dry-mesa-2,Brimley's White Glove Chem-Dry,4,,en,The service and cleaning of carpet and upholstery of carpet was excellent. However my place is small and the cost was a bit high.,0,0,0,https://s3-media0.fl.yelpcdn.com/photo/1aQminOWX32NpPFe92-EfA/180s.jpg,Philip F.,"Surprise, AZ",0,7,0,,2024-03-14,,,,,0,FALSE,FALSE
https://s3-media0.fl.yelpcdn.com/bphoto/5RQKj7ApZFMGQXro9-Gb3Q/180s.jpg,brimleys-white-glove-chem-dry-mesa-2,Brimley's White Glove Chem-Dry,4,,en,"Having friends with carpet on the east side who need a good pet treatment. besides myself I have referred this company to 3 other families who were ao thankful! Brimley is the only place I have found that has the product that works. It comes with a price, but it works. If you haven't transitioned over from carpet yet and have a pet emergency this is the place to to call. It is amazing! You can talk with them over the phone easily and schedule a free estimate. The treatment is non toxic and will not fill the air with harmful odors.",30,10,29,https://s3-media0.fl.yelpcdn.com/photo/wzRWxgY7-nfTU3UpPKKQRA/180s.jpg,Jessica S.,"Surprise, AZ",443,1149,14416,25,2022-03-27,,,,,0,FALSE,FALSE
https://s3-media0.fl.yelpcdn.com/bphoto/5RQKj7ApZFMGQXro9-Gb3Q/180s.jpg,brimleys-white-glove-chem-dry-mesa-2,Brimley's White Glove Chem-Dry,1,,en,"I do not recommend this company.  I have a new rug that has not been used but stored in a garage for a few months while doing restoration on my home. It needed refreshed. I explained the rug & I was told no problem . They charge a lot. So, I thought okay if they do great job. You get what you pay for. Unfortunately, NOT. They were not able to clean the rug at all. It was really fast as well. It looks exactly the same and yet I am billed  $179.00 . The young man agreed, no change. I can understand if you can't do the job, that's ok. However, How do you bill someone when you were not able to do anything.  That is just wrong. The only positive is the young man was very polite, but the chem dry program or process does not work. Save your money.",0,0,1,https://s3-media0.fl.yelpcdn.com/photo/KwcOq-v0V03nDVltxIvSjw/180s.jpg,Margie P.,"Scottsdale, AZ",1,29,0,,2022-09-11,,,,,0,FALSE,FALSE
https://s3-media0.fl.yelpcdn.com/bphoto/5RQKj7ApZFMGQXro9-Gb3Q/180s.jpg,brimleys-white-glove-chem-dry-mesa-2,Brimley's White Glove Chem-Dry,5,,en,"Scheduling was seamless! The tech Cesar kept us abreast of his arrival time. Once here he accurately estimated the service and drying times. Cesar was polite, friendly, respectful and professional! Carpets look fantastic! This is our second time using Brimley's and it won't be our last!",0,0,0,,Donna E.,"AZ, AZ",0,6,0,,2023-08-15,,,,,0,FALSE,FALSE
https://s3-media0.fl.yelpcdn.com/bphoto/5RQKj7ApZFMGQXro9-Gb3Q/180s.jpg,brimleys-white-glove-chem-dry-mesa-2,Brimley's White Glove Chem-Dry,5,https://s3-media0.fl.yelpcdn.com/bphoto/HhXZrGgKvZtUxd0tx-DmMg/348s.jpg,en,Amazingly fast and affordable. They got my beautiful carpet clean again! Well done. I looked around at a couple of places to clean rugs and this one didn't disappoint.,0,0,2,https://s3-media0.fl.yelpcdn.com/photo/QiUtQmKgbOdXhfBeq8BT6A/180s.jpg,Ryan K.,"Phoenix, AZ",267,70,19,,2019-12-17,Thanks Ryan for the great review!,Terri S.,https://s3-media0.fl.yelpcdn.com/buphoto/dXMPMP_SE8f1dWmieMtwRw/90s.jpg,2019-12-30,0,FALSE,FALSE
https://s3-media0.fl.yelpcdn.com/bphoto/5RQKj7ApZFMGQXro9-Gb3Q/180s.jpg,brimleys-white-glove-chem-dry-mesa-2,Brimley's White Glove Chem-Dry,5,,en,"Everything from beginning To end was fantastic. I needed carpets cleaned in a hurry for listing our house. Casey came out and was very personable and professional. He really worked hard to make the carpet look fabulous. The whole house smells fresh and clean now. 

It is very thick carpet and then is almost no dampness to the carpet. It was super easy, fast and quiet to have the truck mounted unit come clean. 

I highly recommend this company for all your carpet cleaning needs",0,0,3,https://s3-media0.fl.yelpcdn.com/photo/HyirOj1nrt5froIArUSRoQ/180s.jpg,Sherry C.,"Mesa, AZ",26,76,115,,2019-05-25,,,,,0,FALSE,FALSE
https://s3-media0.fl.yelpcdn.com/bphoto/5RQKj7ApZFMGQXro9-Gb3Q/180s.jpg,brimleys-white-glove-chem-dry-mesa-2,Brimley's White Glove Chem-Dry,5,,en,"My carpet was a HUGE MESS from breaking up and replacing all the tile in my house.  I was wondering if I would ever get it clean.  I have always used a Chem-dry in the other states I have lived in, so again, I sought out a 
Chem-dry to help me out.  Well, let's just say that if there were more stars, I would give them more!  I had such a mess in my house, having Brimley's come in was huge!  When they were done, my carpet looked new again. Dave and crew did an outstanding job.  It was a wonderful company to deal with and I will certainly use them again!  Thank you to all concerned.",0,0,1,https://s3-media0.fl.yelpcdn.com/photo/XPPnaBteWtVPzzy5LV_Jhg/180s.jpg,Rochelle K.,"Gilbert, AZ",2,9,0,,2019-11-03,,,,,0,FALSE,FALSE
https://s3-media0.fl.yelpcdn.com/bphoto/5RQKj7ApZFMGQXro9-Gb3Q/180s.jpg,brimleys-white-glove-chem-dry-mesa-2,Brimley's White Glove Chem-Dry,1,,en,"This company is a prime example of how to take their 5-star review and make it into a solid 1-star. Once these people get your email address they hound you to death with spam. That's bad but what's worse is that in clear violation of A.R.S. 44-1522 (and other consumer anti-spam protection laws) they flat out refuse to stop. JoAnn Talbot is the General Manager who I contacted. She blatantly ignores me, and the law, and still she persists. I'm still waiting for my check from her for the fines she has incurred. I will never use this rude and inconsiderate company again.",0,3,3,https://s3-media0.fl.yelpcdn.com/photo/X9M_J83oorha6jLMY0lPqw/180s.jpg,Todd H.,"Scottsdale, AZ",38,436,798,,2018-09-13,,,,,0,FALSE,FALSE
https://s3-media0.fl.yelpcdn.com/bphoto/5RQKj7ApZFMGQXro9-Gb3Q/180s.jpg,brimleys-white-glove-chem-dry-mesa-2,Brimley's White Glove Chem-Dry,5,,en,"Josue and Drew were great to work with!  They were friendly, professional and on time.  They communicated with us every step of the way and explained exactly what they would be doing prior to getting started.  We just had new carpets installed in our Fountain Hills home and wanted to have them cleaned and protected.  The carpets look great and we are completely happy with the service that we received.  Brimley's was very easy to work with from start to finish and they were also very responsive from my initial contact with them to the end.  I highly recommend this business for carpet cleaning.  Thank you!",0,0,0,,Angela R.,"Roseville, CA",0,50,0,,2022-10-10,,,,,0,FALSE,FALSE
https://s3-media0.fl.yelpcdn.com/bphoto/5RQKj7ApZFMGQXro9-Gb3Q/180s.jpg,brimleys-white-glove-chem-dry-mesa-2,Brimley's White Glove Chem-Dry,5,,en,"This is not the first time I have used Brimley's.   The are on time, courteous, and most of all, do an excellent job on the carpets.  I had some nasty stains and they were able to get them all out!  amazing.",0,0,0,https://s3-media0.fl.yelpcdn.com/photo/0iaCt9myRxTMg7KT8pf9WQ/180s.jpg,Ann L.,"Truckee, CA",0,7,0,,2021-12-01,,,,,0,FALSE,FALSE
https://s3-media0.fl.yelpcdn.com/bphoto/5RQKj7ApZFMGQXro9-Gb3Q/180s.jpg,brimleys-white-glove-chem-dry-mesa-2,Brimley's White Glove Chem-Dry,5,,en,I had a sectional cleaned after a move and it basically made my couch look brand new again. Fluffed the pillows and cushions. I also had an oriental carpet done so they have a different services they can provide!,0,0,0,,Theresa O.,"Summerlin, Las Vegas, NV",0,18,27,,2022-08-02,,,,,0,FALSE,FALSE
https://s3-media0.fl.yelpcdn.com/bphoto/5RQKj7ApZFMGQXro9-Gb3Q/180s.jpg,brimleys-white-glove-chem-dry-mesa-2,Brimley's White Glove Chem-Dry,3,,en,"I'm undecided about this company. They were very professional and their cleaning really does seem great, although not necessarily more impressive than other companies. I had two rooms (smaller kids bedrooms) that are unused, that the dogs decided to pee in recently when we were away. The cleaning was reasonably priced at $120, but the cost for the urine treatment would have been $375 more then that. $495 for two small rooms- probably 10ftx10ft each-  seemed high to me. I would use them again for a regular rug cleaning. Maybe they would have been worth it, but I just don't know.",0,0,0,https://s3-media0.fl.yelpcdn.com/photo/75nTVHVk0eRogZK-mJjZPw/180s.jpg,Jeanie S.,"Gilbert, AZ",79,19,5,,2021-01-19,Thank you for leaving us that review. I know sometimes those treatments for urine removal can get expensive however expensive they can be we just want you to be aware of the cost and conditions of the carpet you have sent us out to clean and we do not want to under provide for our customers.,Terri S.,https://s3-media0.fl.yelpcdn.com/buphoto/dXMPMP_SE8f1dWmieMtwRw/90s.jpg,2021-02-10,0,FALSE,FALSE
https://s3-media0.fl.yelpcdn.com/bphoto/5RQKj7ApZFMGQXro9-Gb3Q/180s.jpg,brimleys-white-glove-chem-dry-mesa-2,Brimley's White Glove Chem-Dry,5,,en,James is awesome.   He takes time to listen to his customer and gives appropriate feedback instead of cleaning something that may never get clean.  Would highly recommend!,0,0,0,https://s3-media0.fl.yelpcdn.com/photo/adDPUH_WpSh5S2g9qK-jLQ/180s.jpg,Lisa R.,"Scottsdale, AZ",0,6,0,,2021-08-31,,,,,0,FALSE,FALSE
https://s3-media0.fl.yelpcdn.com/bphoto/5RQKj7ApZFMGQXro9-Gb3Q/180s.jpg,brimleys-white-glove-chem-dry-mesa-2,Brimley's White Glove Chem-Dry,5,,en,"I don't have enough words to describe how happy I am with Brimleys WG / ChemDry. This is my third time using their services and they basically have a customer for life. Not only that... I now feel absolutely confident recommending a company to absolutely anyone. Besides their absolute first class customer service from booking to the technicians that do the work and the follow-up... there is literally nothing I can provide for a ""how can we improve."" They are definitely leaders in their industry. They know what they are doing. Seriously. 

Let's actually take a look at the task at hand. We put the dog on a raw diet. Well before we realized this meant she would drag pieces of raw carcass all over the house we ended up with some serious black stains from animal fats soaking into the carpet. Gross right? Yeah, you're telling me. This time they had their work cut out for them. 

Phil arrived and was super polite and introduced himself. We went over everything as usual and I made it clear that we suck at pet ownership and he may not be able to get it cleaned up. Well... needless to say... it looks like the carpets have been completely replaced. The house smells amazing, it's almost already dry and I have some new area rugs and a confinement area for the dog to eat her dead animals in. 

Thanks to Phil (who really has some awesome company pride and had the same awesome opinion of them as I do) who should be granted an award for turning my super grody, depressing, dead animal grease stained carpet into a house that I will make everyone wear booties (thanks again Phil for leaving me some shoe covers for guests and stain remover for next time I spill wine everywhere) and be happy to invite guests over again. 

YAY!",1,1,3,https://s3-media0.fl.yelpcdn.com/photo/xQAcUNCQK_K80N5oHVc4_g/180s.jpg,Barbara W.,"Chandler, AZ",60,14,12,,2018-01-30,"WOWEE, Barbara! I always say we want to knock our customer's socks off - to thrill and delight them. Sounds like we did that and more for you - this is music to my ears!! Phil was named our employee of the quarter a couple of weeks ago and it sounds like you understand why. 

Thanks for taking the time to let us know about your great experience - JoAnn

P.S. I'm not the best at pet ownership either LOL.",Michael C.,https://s3-media0.fl.yelpcdn.com/buphoto/ErwZfOEWrrD_tssYE-j2LQ/90s.jpg,2018-02-02,0,FALSE,FALSE
https://s3-media0.fl.yelpcdn.com/bphoto/5RQKj7ApZFMGQXro9-Gb3Q/180s.jpg,brimleys-white-glove-chem-dry-mesa-2,Brimley's White Glove Chem-Dry,5,,en,"This company just knocks it out of the park every time.  Their process exceeds my expectations every time and I love how my carpets feel after they dry.  No soap, no chemicals, no smell, nothing but perfect carpet that looks like you just installed it. 

They are always on time and check in with you before and AFTER they get your business.  Customer service is alive and well at Brimley's and I can't recommend them enough.  They are not the cheapest option around but when you feel your carpets the next day you will know why it's worthevery penny.",0,0,2,https://s3-media0.fl.yelpcdn.com/photo/lrZdnN_1W3aH7E33ROUqzQ/180s.jpg,Chris S.,"Gilbert, AZ",72,224,316,,2018-04-18,High praise--thank you!! Glad to hear that the little things we do make a difference. Clean carpets and quality work are great - treating people right is even better :),JoAnn T.,https://s3-media0.fl.yelpcdn.com/buphoto/GGodn0JgllzlOvtMdH2asQ/90s.jpg,2018-04-20,0,FALSE,FALSE
https://s3-media0.fl.yelpcdn.com/bphoto/5RQKj7ApZFMGQXro9-Gb3Q/180s.jpg,brimleys-white-glove-chem-dry-mesa-2,Brimley's White Glove Chem-Dry,5,,en,"Amazing customer service! The whole team made my home and carpet care needs important. 
THE WHOLE TEAM!!! Anisa the customer service rep who made my appointment last minute to Steven the awesome tech that took care of my home made my exp. 5 stars. I will have them back for my tile and grout project. I also will be referring to my sister.",0,0,2,https://s3-media0.fl.yelpcdn.com/photo/ZfbWYn27QTJUumAkNev_sA/180s.jpg,Mary B.,"Phoenix, AZ",2,22,20,,2018-04-09,"OH my gosh, Mary, we LOVE to hear that we exceeded your expectations on the phone and in your home--your needs ARE important to us! That's what we're shooting for. We look forward to knocking your sister's socks off, too - JoAnn",JoAnn T.,https://s3-media0.fl.yelpcdn.com/buphoto/GGodn0JgllzlOvtMdH2asQ/90s.jpg,2018-04-20,0,FALSE,FALSE
https://s3-media0.fl.yelpcdn.com/bphoto/5RQKj7ApZFMGQXro9-Gb3Q/180s.jpg,brimleys-white-glove-chem-dry-mesa-2,Brimley's White Glove Chem-Dry,5,,en,I am updating my review to include the fact that Brimley's contacted new and offered to clean the few minor spots that were missed. My overall experience was great. And I will be using them again.,0,0,1,https://s3-media0.fl.yelpcdn.com/photo/X8Ye8HL4LW8ZYstLeIwt-g/180s.jpg,Cami N.,"Maricopa, AZ",1,100,4,,2020-08-14,,,,,0,FALSE,FALSE
https://s3-media0.fl.yelpcdn.com/bphoto/5RQKj7ApZFMGQXro9-Gb3Q/180s.jpg,brimleys-white-glove-chem-dry-mesa-2,Brimley's White Glove Chem-Dry,5,,en,"I am a regular customer of Brimleys.  Totally happy with their cleaning our carpets.  James was our tech and he had to work to get a stain out (dog accident) and it seems to have worked as there is no evidence of it now.   Very professional, will continue to use them.",0,0,0,https://s3-media0.fl.yelpcdn.com/photo/2dgTZkpDmbnq07P5fFl7Ew/180s.jpg,Dawn B.,"Chandler, AZ",0,20,1,,2020-10-26,,,,,0,FALSE,FALSE
https://s3-media0.fl.yelpcdn.com/bphoto/5RQKj7ApZFMGQXro9-Gb3Q/180s.jpg,brimleys-white-glove-chem-dry-mesa-2,Brimley's White Glove Chem-Dry,5,,en,"The carpets had not been cleaned per the usual because of the pandemic.
There were some spots that really needed some work.  Eric did an outstanding job of tackling those spots as well as cleaning the carpet so that they look brand new.  Thank you!",0,0,0,,Carolyn N.,"Tempe, AZ",2,3,0,,2021-04-05,,,,,0,FALSE,FALSE
https://s3-media0.fl.yelpcdn.com/bphoto/5RQKj7ApZFMGQXro9-Gb3Q/180s.jpg,brimleys-white-glove-chem-dry-mesa-2,Brimley's White Glove Chem-Dry,5,,en,"We were in a real pickle at work last week with a sewer backup that affected our bathrooms and conference room. I called several places for quotes and time-frame. Brimley's was the only company that could come out the same day we called. They were friendly, professional, courteous and expeditious. Kind of last minute, we also asked them to clean a small strip outside the bathrooms and they cleaned the entire area. And they ended up charging us less than what we originally were quoted. They went above and beyond, you'll be hard pressed to find a better organization. Their customer service was A++, from the people who answered the phone to the carpet technicians. They did a really remarkable job for us, I can't say enough great things about this company. I will definitely be using them again in the future and I would highly recommend them.",0,0,2,https://s3-media0.fl.yelpcdn.com/photo/vYXxrGsM6aBsxoV8Y36Sbg/180s.jpg,Donna M.,"Phoenix, AZ",73,298,64,25,2017-10-24,"WOW, Donna! Thank you so much for the high praise. I'm glad we were able to get you taken care of so quickly and it was no problem at all to take care of that hall for you while we were there.  I hope we can be of service again in the future - JoAnn",Michael C.,https://s3-media0.fl.yelpcdn.com/buphoto/ErwZfOEWrrD_tssYE-j2LQ/90s.jpg,2017-10-30,0,FALSE,FALSE
https://s3-media0.fl.yelpcdn.com/bphoto/5RQKj7ApZFMGQXro9-Gb3Q/180s.jpg,brimleys-white-glove-chem-dry-mesa-2,Brimley's White Glove Chem-Dry,5,,en,"Because of my dads age, we have to get the carpets cleaned in his bedroom regularly. Brimley's does a great job everytime. They're very knowledgeable about what needs to be done and the service techs are always friendly. I won't use anyone else.",0,0,0,https://s3-media0.fl.yelpcdn.com/photo/PZgw8lF2qdl2rsV-DTlleQ/180s.jpg,Keith W.,"Paradise Valley Village, Scottsdale, AZ",0,4,0,,2021-03-13,,,,,0,FALSE,FALSE
https://s3-media0.fl.yelpcdn.com/bphoto/5RQKj7ApZFMGQXro9-Gb3Q/180s.jpg,brimleys-white-glove-chem-dry-mesa-2,Brimley's White Glove Chem-Dry,5,,en,"They were on time, professional and great to work with.  Dave, our technician worked around all of our furniture issues and made it seem easy.  We were really grateful to have such a great guy do a great job for us",0,0,1,https://s3-media0.fl.yelpcdn.com/photo/3Wxi83fLQG6yaUPxsInLnA/180s.jpg,Darlene B.,"Florissant, CO",1,15,0,,2020-01-23,,,,,0,FALSE,FALSE
https://s3-media0.fl.yelpcdn.com/bphoto/5RQKj7ApZFMGQXro9-Gb3Q/180s.jpg,brimleys-white-glove-chem-dry-mesa-2,Brimley's White Glove Chem-Dry,5,,en,We had Chem Dry clean our carpets today and I am more than happy with the job that ERIC STORM did for us.  I used to have Zero Rez do our carpets and they did a good job but it took forever for the carpets to dry. We went back to Chem Dry and we are so glad that we did.  Our carpets are clean and dry after a couple  of hours. Great job and we will call you back for spring cleaning. Thank so much for a great job.,0,0,2,https://s3-media0.fl.yelpcdn.com/photo/PvEeC8l6ASMOPCE5fyEAgA/180s.jpg,Liz M.,"Peoria, AZ",0,28,3,,2019-11-09,,,,,0,FALSE,FALSE
https://s3-media0.fl.yelpcdn.com/bphoto/5RQKj7ApZFMGQXro9-Gb3Q/180s.jpg,brimleys-white-glove-chem-dry-mesa-2,Brimley's White Glove Chem-Dry,5,,en,I decided to use Brimleys carpet cleaning service on my rental home.. the tech did a good job and the carpet looked great. I'd use them again.,0,0,0,https://s3-media0.fl.yelpcdn.com/photo/cz-XYsNWoUpArOCJOPxpkA/180s.jpg,Craig S.,"Mesa, AZ",6,11,8,,2020-07-24,,,,,0,FALSE,FALSE
https://s3-media0.fl.yelpcdn.com/bphoto/5RQKj7ApZFMGQXro9-Gb3Q/180s.jpg,brimleys-white-glove-chem-dry-mesa-2,Brimley's White Glove Chem-Dry,5,,en,"I had Brimley's come out to clean my carpets and upholstery at the request of my beau.  I thought it would be a waste of $ because I assumed everything was too old and too dirty to be saved... figured it would be better to just wait and replace.  But, boy was I wrong!  They did an amazing job on my carpet... 15+ yr old wool Berber carpet with heavy traffic stains and damage, they made look like new again!  And, all the upholstery fresh and clean!  And, I was treated from start to finish with complete professionalism and care.  I very very very highly recommend this company.  They are the best!!!",0,0,2,https://s3-media0.fl.yelpcdn.com/photo/3D23PC54opHEOSSbx8viSw/180s.jpg,Adriana G.,"Cave Creek, AZ",129,28,1,,2019-08-27,,,,,0,FALSE,FALSE
https://s3-media0.fl.yelpcdn.com/bphoto/5RQKj7ApZFMGQXro9-Gb3Q/180s.jpg,brimleys-white-glove-chem-dry-mesa-2,Brimley's White Glove Chem-Dry,5,,en,I  had my Luxelle area rug cleaned by Anthony and he did an awesome job.  Thanks for a great job done! Nice guy,0,0,1,https://s3-media0.fl.yelpcdn.com/photo/oO1LWWzK-SBUXVvqCGmXPA/180s.jpg,Sara C.,"Apache Junction, AZ",0,5,1,,2019-12-06,,,,,0,FALSE,FALSE
https://s3-media0.fl.yelpcdn.com/bphoto/5RQKj7ApZFMGQXro9-Gb3Q/180s.jpg,brimleys-white-glove-chem-dry-mesa-2,Brimley's White Glove Chem-Dry,5,,en,The tech did a very good job. My carpets and area rugs look cleaner than ever before.,0,0,1,https://s3-media0.fl.yelpcdn.com/photo/dfkSZIM5xQ7D1GLbXHwhHw/180s.jpg,Dottie M.,"Roanoke, TX",30,4,2,,2019-10-19,,,,,0,FALSE,FALSE
https://s3-media0.fl.yelpcdn.com/bphoto/5RQKj7ApZFMGQXro9-Gb3Q/180s.jpg,brimleys-white-glove-chem-dry-mesa-2,Brimley's White Glove Chem-Dry,5,"https://s3-media0.fl.yelpcdn.com/bphoto/IRpf-y0CyZ4IV-9SJONpZA/348s.jpg,
https://s3-media0.fl.yelpcdn.com/bphoto/1WfRIU4Jkd4ADmV8sATliw/348s.jpg,
https://s3-media0.fl.yelpcdn.com/bphoto/YPljMSDCC04xw3_De03hMg/348s.jpg",en,"I'll spare everyone a back story and get straight to the point. Mike kept me informed via phone calls for the technicans arrival time. Ryan called ahead of time to let me know he was a few minutes away, he was prompt, professional, friendly, explained everything, didn't rush and did the job in about 30 min. 
1- I'm very picky, specific, and use all the possible review resources I can find before finalizing on a brand of service. 
2-Our carpet was not new when we moved into the apartment 7 years ago, and had it cleaned only once by someone else....
And we (my 9 yr. old daughter and I) are extremely  impressed with the outcome. We've never seen the carpet so clean.
1- The dry time was incredibly fast comparing to other brands. We left the windows open, ceiling fan on HI and 4 hours later it was dry and fluffy!! Whaaaat? Amazing!
2-No specific scent or smell left behind, just a fresh clean scent in the air...my daughter even threw herself on the carpet and shoved her nose in the carpet, smiled, and said ""mmmh it's clean"".  Our 2 yr. old dog did the same thing than rolled around on it.  

Thank Ryan for making our apartment feel like a home.",0,0,4,https://s3-media0.fl.yelpcdn.com/photo/bmoVb9HYHwAtIbRXaIk1pw/180s.jpg,Ester M.,"Surprise, AZ",41,64,63,,2016-12-12,,,,,0,FALSE,FALSE
https://s3-media0.fl.yelpcdn.com/bphoto/5RQKj7ApZFMGQXro9-Gb3Q/180s.jpg,brimleys-white-glove-chem-dry-mesa-2,Brimley's White Glove Chem-Dry,5,https://s3-media0.fl.yelpcdn.com/bphoto/vwNn1GD7EaMkHAhedYjolQ/348s.jpg,en,"Brimley's White Glove is aptly named. Dave called to confirm the appointment time and arrived precisely on time. I had a challenging job with a white carpet, badly stained in the entrance area and by my double sinks in the bathroom. I needn't have worried. Dave turned my dirty white carpets back to brand new (see attached before & after photos). 

I then had Dave give me a tile cleaning demonstration. WOW, what a night and day difference. My tile was so dirty (I purchased my home in 2006 and the grout was actually dirty back then but I didn't realize it) so when I saw the difference, I decided to have Dave clean all of my tile and grout. Instead of dark brown grout (which was actually ground-in dirt) I now have pristine, sparkling brand new tile!

In short, I wouldn't hesitate hiring Brimley's for your carpet or tile cleaning. They are on-time, honest perfectionists in everything they do. If a picture tells 1,000 words ... take a look at my ""before"" and ""after"" photos!",2,0,4,,Jovan V.,"Scottsdale, AZ",7,160,173,,2016-09-01,"Thank you, Jovan! I'm glad you were so pleased with Dave's work--the pics turned out great. I'll share your good comments in our staff meeting tomorrow. 

Thanks, again, and take care - JoAnn",Michael C.,https://s3-media0.fl.yelpcdn.com/buphoto/ErwZfOEWrrD_tssYE-j2LQ/90s.jpg,2016-09-01,0,FALSE,FALSE
https://s3-media0.fl.yelpcdn.com/bphoto/5RQKj7ApZFMGQXro9-Gb3Q/180s.jpg,brimleys-white-glove-chem-dry-mesa-2,Brimley's White Glove Chem-Dry,2,,en,"Brimley did a great job on cleaning my mattress. However, the tech put my fan on high and in doing so he ripped out my fan cord so now my fan doesn't work properly. It's either high or it's off. And he did not tell me that this happened and therefore it took me forever to figure it out.",0,0,0,https://s3-media0.fl.yelpcdn.com/photo/Ykmcq780xnc2REE4G0k_Ow/180s.jpg,Lindsay L.,"Gilbert, AZ",16,196,18,,2019-12-13,"Lindsay, We want to sincerely apologize for your negative experience. However, we'd like to learn more about your situation and what exactly happened. We want to make things right. So, please give us a call on 480-339-0445. You can also email us at office@whiteglovecarpet.com and we will get back to you promptly. We look forward to hearing from you and earning you back your business.  P.S. Glad the mattress came out good.",Terri S.,https://s3-media0.fl.yelpcdn.com/buphoto/dXMPMP_SE8f1dWmieMtwRw/90s.jpg,2019-12-17,0,FALSE,FALSE
https://s3-media0.fl.yelpcdn.com/bphoto/5RQKj7ApZFMGQXro9-Gb3Q/180s.jpg,brimleys-white-glove-chem-dry-mesa-2,Brimley's White Glove Chem-Dry,5,,en,"I used another carpet cleaning company before and I just wasn't satisfied. I called Brimley's White Glove Chem-Dry, as there are other Chem-Dry companies out there, but this one is the best. From the initial call to when the Technician left, it was perfect. They inform you of all prices and specials and what options you can add on. My carpet is 20 years old (no kids or dogs) and I was thinking the carpets would still look tracked on and old. Nope, they look almost new and the deodorizer they use is a light citrus smell, it's a very clean smell and not over powering. I also had Nate treat it with the carpet protectant. He also left me with 2 sets of booties and a bottle of ""Lifetime Spot Remover"" that is Green Certified, safe and non toxic, no dirt-attracting residue and it resists resoiling. Plus, there is a number on the bottle they leave you with to call or text for a free replacement bottle. Nate was very nice, friendly, and did an awesome job. He came and got me to show me the before and after....WOW what a big difference. Nate explained the costs again and I paid him with a debit card, as he had card payment options with him. The house smells so clean and we can walk on it after 2-4 hours. It looks so good, I hate to walk in it. I'll never use another carpet cleaning company again. My go to from now on will be Brimley's White Glove Chem-Dry, their number is 480-649-3663. OH ALSO.....chemicals can trip a migraine and this deodorizer and protectant didn't. BIG THANK YOU NATE AND BRIMLEY'S WHITE GLOVE CHEM-DRY!!!! I can delay getting new carpet for a few more years!",0,0,0,https://s3-media0.fl.yelpcdn.com/photo/_7-4HubPVYhLDQw5Y2Mtqw/180s.jpg,Joni U.,"Peoria, AZ",37,36,5,,2022-01-22,,,,,0,FALSE,FALSE
https://s3-media0.fl.yelpcdn.com/bphoto/5RQKj7ApZFMGQXro9-Gb3Q/180s.jpg,brimleys-white-glove-chem-dry-mesa-2,Brimley's White Glove Chem-Dry,5,,en,"I have used Brimley in the past to clean the carpets. They have always done an outstanding job and today was no different. I was only going to have the carpets cleaned but decided to have my technician, Phil, do my tile. Phil took such care and did such a good job that it looks like a brand new floor! I highly recommend Brimley for your carpet cleaning and will continue to use them in the future.",0,0,0,https://s3-media0.fl.yelpcdn.com/photo/IEMUENJ3ZnedvHNmrkpn8g/180s.jpg,Diana W.,"Phoenix, AZ",0,27,11,,2019-05-04,"Thanks, Diana! We look forward to being of service again. JoAnn",Michael C.,https://s3-media0.fl.yelpcdn.com/buphoto/ErwZfOEWrrD_tssYE-j2LQ/90s.jpg,2017-05-15,0,FALSE,FALSE
https://s3-media0.fl.yelpcdn.com/bphoto/5RQKj7ApZFMGQXro9-Gb3Q/180s.jpg,brimleys-white-glove-chem-dry-mesa-2,Brimley's White Glove Chem-Dry,5,,en,Really happy with the results.  We had some pet stains and an espresso spill in one of our guest rooms.  Everything looks like new again.  Crew was neat and friendly.  Highly recommend.,0,0,0,https://s3-media0.fl.yelpcdn.com/photo/AWxNEW06cxUCJLtS8Ujtvw/180s.jpg,Terry C.,"Arvada, CO",0,12,2,,2019-02-14,"Thank you, Terry! I'm really glad everything turned out so great--and always nice to have clean-cut, friendly techs in the home :)

We'll see you again - JoAnn",JoAnn T.,https://s3-media0.fl.yelpcdn.com/buphoto/GGodn0JgllzlOvtMdH2asQ/90s.jpg,2019-02-15,0,FALSE,FALSE
https://s3-media0.fl.yelpcdn.com/bphoto/5RQKj7ApZFMGQXro9-Gb3Q/180s.jpg,brimleys-white-glove-chem-dry-mesa-2,Brimley's White Glove Chem-Dry,5,,en,"I posted an update to this review but I don't see it.     I talked to Teri and she sent someone else to my home to clean my carpets and it was and Jane's did an amazing  job.  My carpets look beautiful!   Thank you James, and thank you Teri for reaching out!",0,0,0,,Karen V.,"Queen Creek, AZ",0,10,0,,2021-09-12,,,,,0,FALSE,FALSE
https://s3-media0.fl.yelpcdn.com/bphoto/5RQKj7ApZFMGQXro9-Gb3Q/180s.jpg,brimleys-white-glove-chem-dry-mesa-2,Brimley's White Glove Chem-Dry,5,,en,"From the very first contact with this company I was impressed. They answer the phone promptly and are very friendly and helpful. I was able to get an appointment scheduled with two days notice (awesome) and they reached out to me via text and email AND telephone to confirm the appointment. The technician called me when he was 30 minutes away (and on time!) and he did a thorough job hearing my needs and carefully measuring.  He was well dressed, good mannered, very professional, and very efficient. He did a great job and it took less time than I had anticipated. I will use this company again and happily refer my friends and family to them.",0,0,0,https://s3-media0.fl.yelpcdn.com/photo/_19mzI-Lfi3Bq0MJ3OdKBA/180s.jpg,Kim M.,"Casas Adobes, AZ",157,138,419,25,2016-11-11,,,,,0,FALSE,FALSE
https://s3-media0.fl.yelpcdn.com/bphoto/5RQKj7ApZFMGQXro9-Gb3Q/180s.jpg,brimleys-white-glove-chem-dry-mesa-2,Brimley's White Glove Chem-Dry,5,,en,"From my first call, to the lasting impression of seeing my beautiful carpets Brimley's met our high standards. The phone receptionist was kind and very accommodating. When I met Rob at the door, he had his towel down on the ground to ensure that there would be no tracking extra dirt/leaves into our home. 

Rob is a consummate professional, he listened to my list of 'needs' and did not laugh at my obvious OCD. Even though I am very particular and tend to hold the bar exceedingly high for those I am paying to provide a service; I could not find ONE thing I wish had been done differently!

I also RARELY refer a company to friends because I do not want to be disappointed. I will not hesitate to give a glowing recommendation to any who need carpet/tile/upholstery cleaning done. 

Trust this business, you will NOT be disappointed.",1,1,8,https://s3-media0.fl.yelpcdn.com/photo/aRuzwsPVF-v2N8Y3j0I07Q/180s.jpg,Kimberley P.,"Gilbert, AZ",76,17,9,,2013-02-28,,,,,0,FALSE,FALSE
https://s3-media0.fl.yelpcdn.com/bphoto/5RQKj7ApZFMGQXro9-Gb3Q/180s.jpg,brimleys-white-glove-chem-dry-mesa-2,Brimley's White Glove Chem-Dry,5,,en,"I used this company in hopes that they would adjust their standard pricing due to the fact that I only need one room cleaned and what I would consider a custom clean in the master bedroom. The third bedroom I did not wish to be cleaned. I first emailed them through yelp with my requests and they responded promptly through email the next day. They agreed to my wishes and were more than accommodating. 

The employee who came out to clean, his name was Chance, he was a nice young guy who was understanding of my needs and he did an amazing job.  He called about 25 minutes before he was going to show up and all and all he only took about 20 minutes to complete the entire clean. Paying was easier as he just typed in my card number into his iPad. 

Bottom line I was very impressed with the clean and flexibility in the company and I would definitely recommend them to anyone.",0,0,8,https://s3-media0.fl.yelpcdn.com/photo/g9OERDL5AznFHgpDpCjO4g/180s.jpg,Ryan E.,"Pittsfield, MA",97,41,124,,2014-11-21,,,,,0,FALSE,FALSE
https://s3-media0.fl.yelpcdn.com/bphoto/5RQKj7ApZFMGQXro9-Gb3Q/180s.jpg,brimleys-white-glove-chem-dry-mesa-2,Brimley's White Glove Chem-Dry,5,,en,"Great customer service and amazing cleaning. This was the second time I've used their services and both times were 5 star worthy experiences. Both women I spoke with on the phone and through email were helpful and accommodating, very quick response time. All of the technicians were knowledgeable and friendly. I'd recommend to anyone!",0,0,0,https://s3-media0.fl.yelpcdn.com/photo/_wr-jDivQB4z6i08qV5g5g/180s.jpg,Nicole Q.,"Scottsdale, AZ",0,29,4,,2018-11-26,"Thanks so much, Nicole! Appreciate your hearty recommendation. Your experiences are exactly what we're shooting for - in the office and in your home! 

See you next time - JoAnn",JoAnn T.,https://s3-media0.fl.yelpcdn.com/buphoto/GGodn0JgllzlOvtMdH2asQ/90s.jpg,2018-11-30,0,FALSE,FALSE
https://s3-media0.fl.yelpcdn.com/bphoto/5RQKj7ApZFMGQXro9-Gb3Q/180s.jpg,brimleys-white-glove-chem-dry-mesa-2,Brimley's White Glove Chem-Dry,5,,en,"Rented a town home from the Yuppie couple from hell last week. They had a bad experience with prior tenant and I'm paying for it.  Came to the house several times to walk through but didn't notice the horrible smell of cat urine in areas of the carpet, baseboards, and closets in some of the rooms. (My bad)
Jacob, came on time and after hearing me explain the problem, got down on his knees with his black light and after 20 minutes, identified a dozen areas with cat urine and urine crystal residues which stunk. 
He applied a Chem Dry product called PURT and told us that things should improve in 24 hours. They definitely did and, carpet is way better. Still might have to replace the baseboards but, urine stench is much improved in carpet area. 
This company is a franchise and I highly recommend both this technician as well as Brimley. Thanks guys, highly recommend.",1,1,7,https://s3-media0.fl.yelpcdn.com/photo/fmW-S--2KeTTe6uBPmMB0A/180s.jpg,Larry L.,"Mesa, AZ",304,94,13,,2014-11-18,,,,,0,FALSE,FALSE
https://s3-media0.fl.yelpcdn.com/bphoto/5RQKj7ApZFMGQXro9-Gb3Q/180s.jpg,brimleys-white-glove-chem-dry-mesa-2,Brimley's White Glove Chem-Dry,5,,en,"Our usual carpet cleaner wasn't available, so I gave Brimley's White Glove a try. VERY glad I chose them. 

A lot of carpet cleaners bait-and-switch you with ""free"" deals only to charge you a fortune once they get done. Others hire shady characters who barely look able to function a vacuum cleaner let alone shampoo your carpets.

Brimley's technician (Steve) was extremely professional, polite, helpful and thorough. He gave of all kinds of options but didn't pressure us. Highly recommend their service.",0,0,5,https://s3-media0.fl.yelpcdn.com/photo/Ho1FqzqO2cBxA0c7dBYCHA/180s.jpg,Jon G.,"Mesa, AZ",43,33,2,,2013-12-17,,,,,0,FALSE,FALSE
https://s3-media0.fl.yelpcdn.com/bphoto/5RQKj7ApZFMGQXro9-Gb3Q/180s.jpg,brimleys-white-glove-chem-dry-mesa-2,Brimley's White Glove Chem-Dry,5,,en,"We contacted Brimley two days before Thanksgiving hoping to get them to our house the next day as we were having a houseful  of guests and this was an afterthought. Amazingly they scheduled us for first thing the next day. James arrived a few minutes early and started to measure the square footage. His estimate was way below what was quoted to me on the phone (I gave them my guesstimates on the phone). Within two hours a quality Job was completed. Two more hours to completely dry and DONE!  We will definitely be using them again and in fairness to them, we will give them more notice.",0,0,0,https://s3-media0.fl.yelpcdn.com/photo/4GdThaFy85mIkROVG-L5sw/180s.jpg,RICK G.,"Highwood, IL",34,24,5,,2018-11-25,"Thank you, Rick! Glad we were able to accommodate your schedule and then exceeded your expectations in the home--and even guessed high on price so you had a great surprise with a lower bill (we try to guess-timate well on the phone so over-shooting is a better pill to swallow!). 
See you next time - JoAnn",JoAnn T.,https://s3-media0.fl.yelpcdn.com/buphoto/GGodn0JgllzlOvtMdH2asQ/90s.jpg,2018-11-30,0,FALSE,FALSE
https://s3-media0.fl.yelpcdn.com/bphoto/5RQKj7ApZFMGQXro9-Gb3Q/180s.jpg,brimleys-white-glove-chem-dry-mesa-2,Brimley's White Glove Chem-Dry,5,,en,"I have used Brimley's for several years, but was way overdue this time and WOW! did Nate deliver!  First communication was great---Appointment window was between 8-10 and at 7:40 I got word Nate was on his way.  I pointed out some ""problem stains,  including some that were years old that other techs had not been able remove.  Nate made  my 30-year old berber carpet look almost new again!   Prompt, professional and super competent--- I highly recommend Brimley's!",0,0,0,,Sarah S.,"Tempe, AZ",0,3,0,,2021-03-17,,,,,0,FALSE,FALSE
https://s3-media0.fl.yelpcdn.com/bphoto/5RQKj7ApZFMGQXro9-Gb3Q/180s.jpg,brimleys-white-glove-chem-dry-mesa-2,Brimley's White Glove Chem-Dry,5,,en,"These pros go the extra mile to see that your carpet is clean.  Along with white glove treatment and competitive pricing, why look any further for carpet cleaning.  I know this sounds like a commercial, but they are really good.",0,0,0,,Michael H.,"Mesa, AZ",0,12,0,,2021-02-20,,,,,0,FALSE,FALSE
https://s3-media0.fl.yelpcdn.com/bphoto/5RQKj7ApZFMGQXro9-Gb3Q/180s.jpg,brimleys-white-glove-chem-dry-mesa-2,Brimley's White Glove Chem-Dry,5,,en,"We recently had our carpet cleaned and the technicians Travis and Steve  were knowledgeable, kind, courteous, thoughtful and did not try to talk me into services that were unnecessary! I  Everything they did they did well. I will definitely recommend this company in the future to use them for the services that they provide!!

Dean",1,0,1,https://s3-media0.fl.yelpcdn.com/photo/g5iGUjTfsBaAqQOyxhJQ2g/180s.jpg,Dean U.,"Paradise Valley, AZ",207,7,4,,2013-07-27,,,,,0,FALSE,FALSE
https://s3-media0.fl.yelpcdn.com/bphoto/5RQKj7ApZFMGQXro9-Gb3Q/180s.jpg,brimleys-white-glove-chem-dry-mesa-2,Brimley's White Glove Chem-Dry,5,,en,"This is the second time I have used Brimley's White Glove Chem-Dry. On both occasions, the technician was prompt, friendly and professional. I was extremely pleased with the service and the outcome. The price was very reasonable. I would recommend Brimley to all my family and friends -- even to strangers who want a great cleaning experience.",0,0,0,https://s3-media0.fl.yelpcdn.com/photo/tlbBh-Wrfv-4owgip5Ea7g/180s.jpg,Diana H.,"Phoenix, AZ",0,5,0,,2018-11-03,"Thanks so much, Diana! Both great cleaning and service in our customer's homes is equally important to us. Always love hearing that it makes a difference - JoAnn",JoAnn T.,https://s3-media0.fl.yelpcdn.com/buphoto/GGodn0JgllzlOvtMdH2asQ/90s.jpg,2018-11-09,0,FALSE,FALSE
https://s3-media0.fl.yelpcdn.com/bphoto/5RQKj7ApZFMGQXro9-Gb3Q/180s.jpg,brimleys-white-glove-chem-dry-mesa-2,Brimley's White Glove Chem-Dry,4,,en,"I used the service recently and had a great experience with the staff and I am so happy with the results of my carpet, I will definitely use them again.",0,0,0,,Carmen L.,"Central City, Phoenix, AZ",0,4,0,,2021-01-04,,,,,0,FALSE,FALSE
https://s3-media0.fl.yelpcdn.com/bphoto/5RQKj7ApZFMGQXro9-Gb3Q/180s.jpg,brimleys-white-glove-chem-dry-mesa-2,Brimley's White Glove Chem-Dry,5,,en,"I highly recommend this company...
Our Technician was Dave, who was so professional and yet so personable...He was a pleasure to have in our home once again.
He did an amazing job cleaning our bedroom and office carpets !
I only wish that we had taken before and after pictures ! 
Dave is the Best ! Thanks Dave and Brimley's Chem-Dry : )",0,0,0,,Sherry P.,"Scottsdale, AZ",13,6,0,,2018-09-03,"Thanks, Sherry! We think Dave's the best, too :)",JoAnn T.,https://s3-media0.fl.yelpcdn.com/buphoto/GGodn0JgllzlOvtMdH2asQ/90s.jpg,2018-09-21,0,FALSE,FALSE
https://s3-media0.fl.yelpcdn.com/bphoto/5RQKj7ApZFMGQXro9-Gb3Q/180s.jpg,brimleys-white-glove-chem-dry-mesa-2,Brimley's White Glove Chem-Dry,5,,en,"Steve Chapman was the associate who cleaned our place on monday, and did a fantastic job!
I am glad to see there are people who are passionate about their job and the quality of work they put forward!
Looking forward to doing business again with you in the future!",1,0,0,https://s3-media0.fl.yelpcdn.com/photo/5T0wqKxDdt_A1JrioyvQVw/180s.jpg,Nantas S.,"Scottsdale, AZ",12,112,18,,2013-08-07,,,,,0,FALSE,FALSE
https://s3-media0.fl.yelpcdn.com/bphoto/5RQKj7ApZFMGQXro9-Gb3Q/180s.jpg,brimleys-white-glove-chem-dry-mesa-2,Brimley's White Glove Chem-Dry,5,,en,"I had Brimley's clean two bedrooms (about 400 sqft) with carpet in the hopes that they could remove enough of the dirt my dogs had dragged in and ground down into the carpet to keep me from having to replace the carpet prior to selling my house.  

I could not believe the difference after the cleaning.  Peter, the guy that cleaned my carpet, was very professional and did an excellent job.  He asked if I needed anything else done while he was there and cleaned a small spot in another room where the tile installer had gotten some mortar on the carpet at no charge.

I will definitely use Brimley's again in the future for my carpet cleaning needs.",1,0,0,https://s3-media0.fl.yelpcdn.com/photo/2aQByVqdbQl_vB_QJackjw/180s.jpg,James B.,"Houston, TX",19,57,5,,2013-06-19,,,,,0,FALSE,FALSE
https://s3-media0.fl.yelpcdn.com/bphoto/5RQKj7ApZFMGQXro9-Gb3Q/180s.jpg,brimleys-white-glove-chem-dry-mesa-2,Brimley's White Glove Chem-Dry,5,,en,"I had such a great experience with this company.  They really listened to all of my needs, took the time to explain their pricing and what they would be doing, and they took extra good care of me.  I was beyond happy with how they cleaned my white wool rug.  It's so shiny and clean!!! I've never seen it look this good.  As soon as they finished the job,  I immediately noticed a decrease in my allergies.  It was incredible!! I've been struggling with bloody noses and have been so stuffed up all week long, and this made an enormous difference!!  I loved how they made sure to clean up the extra water rhat was on the floor afterwards.  My home looks and smells so nice now.  I will definitely be giving them more business next time I need anything cleaned.   Thank you so very much!",0,0,0,https://s3-media0.fl.yelpcdn.com/photo/6V2g4tW8ub4t6oumXOPZ0w/180s.jpg,Brittany F.,"San Francisco, CA",74,23,2,,2018-06-09,,,,,0,FALSE,FALSE
https://s3-media0.fl.yelpcdn.com/bphoto/5RQKj7ApZFMGQXro9-Gb3Q/180s.jpg,brimleys-white-glove-chem-dry-mesa-2,Brimley's White Glove Chem-Dry,1,,en,"After waiting 4 months, arrangements were finally made to have our sofa-sectional replaced by their insurance company,",0,0,0,,George A.,"Chandler, AZ",6,45,16,,2018-01-30,"Mr. Abernathy, we regret that you were not satisfied with our services. We strive to do our best job cleaning with the best equipment and well-trained employees to service our customers. We have returned several times and are willing to return again for additional treatments, but you refuse, so we will honor our guarantee and refund you the full amount of your upholstery cleaning. We do not feel it fair for us to purchase a new sofa.

We do have all of our customers sign a disclaimer because of so many potential issues that can come up when attempting to clean furniture. We rarely see issues like this, but we want to make customers aware that they are possible. Manufactures don't always design their furniture with the understanding that it will need to be cleaned, so fabrics, cushions, and backings can have adverse affects when being attempted to clean. Although we don't know what the issue is in this situation, it appears to me to be a PH imbalance that could be corrected with an acidic treatment. It doesn't appear to be because of any chemical we use, or burning with ""too hot"" water (we offer steam cleaning services, so the water will necessarily be hot). 

I have apologized and will apologize again that our technicians made a guess as to what was causing the issue. They did not do it to insult, just to attempt to understand the issue. We pride ourselves on delivering great customer service and getting great reviews, so we are saddened that the situation has come to this.

Thank you for your past business and we wish you the best in the future.",Michael C.,https://s3-media0.fl.yelpcdn.com/buphoto/ErwZfOEWrrD_tssYE-j2LQ/90s.jpg,2017-10-19,0,FALSE,FALSE
https://s3-media0.fl.yelpcdn.com/bphoto/5RQKj7ApZFMGQXro9-Gb3Q/180s.jpg,brimleys-white-glove-chem-dry-mesa-2,Brimley's White Glove Chem-Dry,5,,en,"They did a great job! Everyone on the phone was incredibly friendly and helpful. They were very clear with everything from start to finish. The service people were friendly, professional, and prompt. 

We have a dog that sheds like crazy and they made our carpets look brand new. They definitely made sure that I was happy with the job before packing up. I would 100% recommend this company.",0,0,0,https://s3-media0.fl.yelpcdn.com/photo/FyijnSsl1VhW_rCrvNwNkg/180s.jpg,Bridget D.,"Phoenix, AZ",0,121,7,,2013-06-27,,,,,0,FALSE,FALSE
https://s3-media0.fl.yelpcdn.com/bphoto/5RQKj7ApZFMGQXro9-Gb3Q/180s.jpg,brimleys-white-glove-chem-dry-mesa-2,Brimley's White Glove Chem-Dry,5,,en,"We had these guys out twice for warranty work. Both people that came out were great. I was here for the second gentleman and he was a great guy, Casey. I recommend this company to anybody and Brimley's, you have a great worker and guy in Casey. I would always make sure he is happy because he is top notch!",0,0,0,https://s3-media0.fl.yelpcdn.com/photo/Vbz4Ulzz5Ind-QJMyKL8_g/180s.jpg,Mike B.,"Queen Creek, AZ",0,25,0,,2018-01-13,,,,,0,FALSE,FALSE
https://s3-media0.fl.yelpcdn.com/bphoto/5RQKj7ApZFMGQXro9-Gb3Q/180s.jpg,brimleys-white-glove-chem-dry-mesa-2,Brimley's White Glove Chem-Dry,5,,en,The service was excellent. Dave is your go-to guy! Very nice and personable. The customer service lady was nice too. They are great about keeping you updated on their arrival time so you don't have to sit for hours wondering when the'll arrive. My only wish is that it could have been cheaper.... (even the coupons weren't that helpful.) Great service though,1,0,0,https://s3-media0.fl.yelpcdn.com/photo/mSEyRWQwWfaDQ3Dbm34VBQ/180s.jpg,Sheri D.,"Chandler, AZ",0,21,1,,2017-03-15,,,,,0,FALSE,FALSE
https://s3-media0.fl.yelpcdn.com/bphoto/5RQKj7ApZFMGQXro9-Gb3Q/180s.jpg,brimleys-white-glove-chem-dry-mesa-2,Brimley's White Glove Chem-Dry,3,,en,"The work the tech performed was fine.  However, when I called to set up the appt, I told the woman on the phone that the company sent me an offer of 3 rooms for $147 (in the offer, there is no mention of room sizes).  I had 4 rooms to be done plus an 8 x 11 area rug.  The woman on the phone told me the job would cost approx $220.  When the tech arrived it was talking over $400.  We settled on $319 but that was still $100 more than we had agreed on.",0,0,0,,Joseph C.,"Peoria, AZ",0,10,0,,2019-08-19,,,,,0,FALSE,FALSE
https://s3-media0.fl.yelpcdn.com/bphoto/5RQKj7ApZFMGQXro9-Gb3Q/180s.jpg,brimleys-white-glove-chem-dry-mesa-2,Brimley's White Glove Chem-Dry,5,,en,What a great job Bradley did cleaning our upholstered furniture. It looks brand new again!!  We will definitely be calling again when needed.  Thank you for the awesome job.  Bradley was very nice and was on time.  I'm so glad we called.,0,0,0,,Susan A.,"Phoenix, AZ",0,42,3,,2019-08-02,,,,,0,FALSE,FALSE
https://s3-media0.fl.yelpcdn.com/bphoto/5RQKj7ApZFMGQXro9-Gb3Q/180s.jpg,brimleys-white-glove-chem-dry-mesa-2,Brimley's White Glove Chem-Dry,5,,en,Excellent customer service. Easy to schedule. Communication was fast and efficient. Technician was kind and efficient.,0,0,0,https://s3-media0.fl.yelpcdn.com/photo/WirFN-drfGRcHsmq4Tzjig/180s.jpg,Kristi V.,"Cedarburg, WI",75,33,23,,2017-02-03,,,,,0,FALSE,FALSE
https://s3-media0.fl.yelpcdn.com/bphoto/5RQKj7ApZFMGQXro9-Gb3Q/180s.jpg,brimleys-white-glove-chem-dry-mesa-2,Brimley's White Glove Chem-Dry,5,,en,"I had my carpet cleaned by Rob this morning and this is the best job anyone has ever done on any  carpet I've had cleaned by any company. They arrived on time, had it cleaned in a reasonable amount of time and it had the appearance of being throughly cleaned with little dampness left after completion.  I also received a call from the company after the job was completed to ensure I had a positive experience. Professional positive service - what a novel idea!",0,0,1,https://s3-media0.fl.yelpcdn.com/photo/gudDdsVNcgXxrDalRXWaXw/180s.jpg,Deb W.,"Mesa, AZ",0,4,0,,2016-10-18,"WOW, great feedback that we really appreciate! Thanks so much, Deb - we are thrilled with Rob's service so glad you were, too! I think I'm going to have buy him lunch after such high praise :) 

Thank you - JoAnn",Michael C.,https://s3-media0.fl.yelpcdn.com/buphoto/ErwZfOEWrrD_tssYE-j2LQ/90s.jpg,2016-10-19,0,FALSE,FALSE
https://s3-media0.fl.yelpcdn.com/bphoto/5RQKj7ApZFMGQXro9-Gb3Q/180s.jpg,brimleys-white-glove-chem-dry-mesa-2,Brimley's White Glove Chem-Dry,5,,en,"On time and great job, the carpets look and smell fresh!",0,0,0,https://s3-media0.fl.yelpcdn.com/photo/Q9D_Br0U8uAcf5iwAohwew/180s.jpg,John G.,"Queen Creek, AZ",597,26,2,,2016-11-21,,,,,0,FALSE,FALSE
https://s3-media0.fl.yelpcdn.com/bphoto/5RQKj7ApZFMGQXro9-Gb3Q/180s.jpg,brimleys-white-glove-chem-dry-mesa-2,Brimley's White Glove Chem-Dry,5,,en,"I would like to thank everyone at Brimley's for their wonderful and professional service.  I had a couch with chaise to clean and setting up an apt was easy. I got a 2hr service window (2pm-4pm) which fit my schedule perfectly. They called a day in advance to confirm and the driver (Rob) called to let me know he was on his way. He was even able to get me in a bit early (which woked for me). He was very professional and the service was faster than I expected it to be. All in all, a very good experience. I even got a handwritten letter in the mail thanking me for my business. I recommend Brimley's for your cleaning services 100%.",0,0,5,https://s3-media0.fl.yelpcdn.com/photo/gdSfH1wKncwPHC685chBuA/180s.jpg,Hermes M.,"Gilbert, AZ",13,11,0,,2014-07-25,,,,,0,FALSE,FALSE
https://s3-media0.fl.yelpcdn.com/bphoto/5RQKj7ApZFMGQXro9-Gb3Q/180s.jpg,brimleys-white-glove-chem-dry-mesa-2,Brimley's White Glove Chem-Dry,5,,en,"Best Chem-Dry service I've ever had and I've never had a bad Chem Dry experience. Brimley's White Glove Chem Dry communicated via text updated time status and called when they were on the way.  I had them clean a couch and a love seat to get rid of any dog odors and residual dog hair.  I honestly didn't expect them to get all the dog hair as it is insidious in our home due to two shepherds however their tech did an outstanding job.  The couches look great, smell great and you would be hard pressed to find a hair on them.  THANK YOU Brimley's White Glove Chem Dry.",0,0,0,,Rene G.,"Laveen Village, Laveen Village, AZ",0,5,0,,2019-02-02,"Thanks so much, Rene! I love hearing that this was your best experience yet! Ryan does great work. He's been with us for over 4 years now and it shows in his attention to detail and great customer service. 

Thanks for the great feedback - JoAnn",JoAnn T.,https://s3-media0.fl.yelpcdn.com/buphoto/GGodn0JgllzlOvtMdH2asQ/90s.jpg,2019-02-04,0,FALSE,FALSE
https://s3-media0.fl.yelpcdn.com/bphoto/5RQKj7ApZFMGQXro9-Gb3Q/180s.jpg,brimleys-white-glove-chem-dry-mesa-2,Brimley's White Glove Chem-Dry,5,,en,"The cleaning wasn't cheap, but it has kept my carpets clean for 10 times longer than traditional steam cleaning does.  Thanks!",0,1,3,https://s3-media0.fl.yelpcdn.com/photo/0BWQVUuXAdRbURn52AMDng/180s.jpg,Brandon B.,"Tempe, AZ",101,28,15,,2014-03-19,,,,,0,FALSE,FALSE
https://s3-media0.fl.yelpcdn.com/bphoto/5RQKj7ApZFMGQXro9-Gb3Q/180s.jpg,brimleys-white-glove-chem-dry-mesa-2,Brimley's White Glove Chem-Dry,5,,en,"I didn't know that getting your carpets cleaned could be a pleasant experience.  It didn't surprise me that when Pete came in that he would be on time, honest and professional...since everyone there seems to be.  Try them - they are a no-tricks, honest value.  -and ask for Pete, he's a nice guy!",0,1,3,https://s3-media0.fl.yelpcdn.com/photo/ayWHWNUJWV3Vi9_E7_Y6lQ/180s.jpg,Bill C.,"Phoenix, AZ",6,16,10,,2013-05-31,,,,,0,FALSE,FALSE
https://s3-media0.fl.yelpcdn.com/bphoto/5RQKj7ApZFMGQXro9-Gb3Q/180s.jpg,brimleys-white-glove-chem-dry-mesa-2,Brimley's White Glove Chem-Dry,5,,en,"Brimley's consistently delivers excellent service. Regarding their most recent visit -- Mike was very accommodating in setting up our appointment and called the day before the appointment to confirm. 
Rob,our technician was prompt, personable, professional and did an amazing job of bringing our pet-stained carpet back to life.
Thanks, Brimley's, for taking such good care of our carpets.",0,0,0,,Bridget O.,"Scottsdale, AZ",0,9,1,,2016-12-24,,,,,0,FALSE,FALSE
https://s3-media0.fl.yelpcdn.com/bphoto/5RQKj7ApZFMGQXro9-Gb3Q/180s.jpg,brimleys-white-glove-chem-dry-mesa-2,Brimley's White Glove Chem-Dry,5,,en,Brimley's have been doing my carpet cleaning for years. They always do a nice job and they are professional in every way. They call to let you know when they will arrive. The chem dry process is great - drys in a few hours! They even left me a free chem dry spot remover which is excellent!,0,0,3,https://s3-media0.fl.yelpcdn.com/photo/Sjqmb8QItFE4u7CYg_3mqA/180s.jpg,Doug H.,"Chandler, AZ",11,92,11,,2014-02-13,,,,,0,FALSE,FALSE
https://s3-media0.fl.yelpcdn.com/bphoto/5RQKj7ApZFMGQXro9-Gb3Q/180s.jpg,brimleys-white-glove-chem-dry-mesa-2,Brimley's White Glove Chem-Dry,5,,en,These guys are very professional and know their stuff. I would definitely recommend!,0,0,0,,Theresa W.,"Phoenix, AZ",118,5,0,,2019-06-17,,,,,0,FALSE,FALSE
https://s3-media0.fl.yelpcdn.com/bphoto/5RQKj7ApZFMGQXro9-Gb3Q/180s.jpg,brimleys-white-glove-chem-dry-mesa-2,Brimley's White Glove Chem-Dry,5,,en,Great customer service! Fantastic job by Casey! He was on time and so great cleaning the carpets and tile! Larger job than expected and he made everything sparkle! Highly recommend this company and Casey! Thank you!,0,0,1,,Kim S.,"Phoenix, AZ",0,8,1,,2018-03-23,"Thanks so much, Kim - we love it when we shine by making your home sparkle :) 

Appreciate the great feedback - JoAnn",JoAnn T.,https://s3-media0.fl.yelpcdn.com/buphoto/GGodn0JgllzlOvtMdH2asQ/90s.jpg,2018-03-26,0,FALSE,FALSE
https://s3-media0.fl.yelpcdn.com/bphoto/5RQKj7ApZFMGQXro9-Gb3Q/180s.jpg,brimleys-white-glove-chem-dry-mesa-2,Brimley's White Glove Chem-Dry,5,,en,"I found Brimley's carpet cleaning service to be great.  I've used them in the past.  They schedule the service per your needs, send multiple emails reminding you and than let you know the business day before via text of when they are coming.  The day of their visit they narrow the time down.  I found the technician, Casey to be very knowledgeable and courteous and finished in around 1.5 hours (3 rooms) as promised.  When bringing the equipment in they make sure to place wall protectors so the hoses don't rub against the walls.  Would certainly use them again.",0,0,0,,Mike M.,"Mesa, AZ",0,1,0,,2019-03-06,"Thanks, Mike! It's music to my ears to hear your comments about our attention to detail and care & concern for our customer's homes. 

We'll see you again - JoAnn",JoAnn T.,https://s3-media0.fl.yelpcdn.com/buphoto/GGodn0JgllzlOvtMdH2asQ/90s.jpg,2019-03-11,0,FALSE,FALSE
https://s3-media0.fl.yelpcdn.com/bphoto/5RQKj7ApZFMGQXro9-Gb3Q/180s.jpg,brimleys-white-glove-chem-dry-mesa-2,Brimley's White Glove Chem-Dry,5,,en,"I called zerorez first as they came recommended by neighbors. When I called both ladies I talked to were very rude and obviously not happy with their job. I hung up researched online and found you! Thank god I did! From the first call to my tech you guys are hands down the professionals in the industry. I believe happy employees equal happy customers! Our tech was the best part of our experience! I can see how cleaning carpets all day might not be too exciting but our tech was upbeat, personal and so professional! 
I highly recommend you to everyone!! Thank you!",1,0,1,,Heidi C.,"Scottsdale, AZ",264,20,4,,2015-11-03,,,,,0,FALSE,FALSE
https://s3-media0.fl.yelpcdn.com/bphoto/5RQKj7ApZFMGQXro9-Gb3Q/180s.jpg,brimleys-white-glove-chem-dry-mesa-2,Brimley's White Glove Chem-Dry,5,,en,Excellent rug cleaning...price was reasonable and rugs were nicely wrapped when complete...would definitely recommend them.,0,0,0,,RoseMarie V.,"Goodyear, AZ",0,29,13,,2018-07-17,"Thanks for your feedback RoseMarie! I'm glad everything was done to your satisfaction - we hope to be of service again :)

JoAnn",Michael C.,https://s3-media0.fl.yelpcdn.com/buphoto/ErwZfOEWrrD_tssYE-j2LQ/90s.jpg,2018-07-20,0,FALSE,FALSE
https://s3-media0.fl.yelpcdn.com/bphoto/5RQKj7ApZFMGQXro9-Gb3Q/180s.jpg,brimleys-white-glove-chem-dry-mesa-2,Brimley's White Glove Chem-Dry,5,,en,I received a recommendation from a friend who I trust. Called Brimley's and asked for Chase. Got the day/time I wanted. Chase arrived on time. I showed him what needed cleaning. He was friendly and made appropriate small talk. My carpets look great and dried quickly. I wouldn't hesitate to use Brimley's/Chase again and would recommend them to my friends,0,0,1,https://s3-media0.fl.yelpcdn.com/photo/a1G1w34-QhDSxmCF6CRdow/180s.jpg,Brian A.,"Peoria, AZ",6,32,26,,2013-10-14,,,,,0,FALSE,FALSE
https://s3-media0.fl.yelpcdn.com/bphoto/5RQKj7ApZFMGQXro9-Gb3Q/180s.jpg,brimleys-white-glove-chem-dry-mesa-2,Brimley's White Glove Chem-Dry,5,,en,"Have used Brimley's since ~1995, which is, I believe, when they opened for business. We continue to use them because the technicians are polite and conscientious and do a fantastic job. And because the Chem-Dry Protectant (a stain guard applied after the cleaning process) really works.

Repeat: The Protectant REALLY works! I request it every.single.time our carpets are cleaned, and it's worth every penny. Having first used the Protectant in a commercial setting, I knew that it would prolong the life of our residential carpet despite daily wear and unfortunate mishaps.

Great service, great product.

Edited 5/30/16 to add: Did I really write this in Jan. 2014? Still love Brimley's.

7/22/18: Yep, still love Brimley's.",0,0,1,,A. C.,"Mesa, AZ",0,82,17,,2014-01-14,,,,,0,FALSE,FALSE
https://s3-media0.fl.yelpcdn.com/bphoto/5RQKj7ApZFMGQXro9-Gb3Q/180s.jpg,brimleys-white-glove-chem-dry-mesa-2,Brimley's White Glove Chem-Dry,5,,en,"I was impressed with each interaction from Brimley's. The phone call inquiring about service was informative and professional, they cleaning itself was great-carpets look fantastic and the young men who visited our home were nothing but kind and professional. They are hard workers, and very considerate of your needs. 

Look no further, this is your carpet cleaning business from here on out. It sure will be mine.",0,0,1,,Shannon W.,"Chandler, AZ",0,78,0,,2013-06-05,,,,,0,FALSE,FALSE
https://s3-media0.fl.yelpcdn.com/bphoto/5RQKj7ApZFMGQXro9-Gb3Q/180s.jpg,brimleys-white-glove-chem-dry-mesa-2,Brimley's White Glove Chem-Dry,5,,en,"Dave came to my condo in Scottsdale today, for the third time. You see, I have a puppy. Well, she's 1 year old now and I WAITED for a bit for his usual expertise. We had puppy accidents all over ... valuable area rugs but what was REALLY bad was the ink stain, actually STAINS, on the upholstered couch. I was sure he could do something. But what happened was magical. All stains gone. And he would not quit until it was the best he could do. Still, he was not happy because one small microscopic spot would not relent. Alas,  no problem. These guys are the best. Happy to recommend them for all your deep cleaning needs.",0,0,1,https://s3-media0.fl.yelpcdn.com/photo/4MEwU9TIkuvOVImNXyxavw/180s.jpg,Nancy R.,"Scottsdale, AZ",71,35,2,,2015-08-25,,,,,0,FALSE,FALSE
https://s3-media0.fl.yelpcdn.com/bphoto/5RQKj7ApZFMGQXro9-Gb3Q/180s.jpg,brimleys-white-glove-chem-dry-mesa-2,Brimley's White Glove Chem-Dry,5,,en,"I had my carpets and chairs cleaned today by Brimley's White Glove and would Highly recommend , and could not have been happier! I called to schedule with Joann, who was lovely on the phone. The customer service was excellent, she even called to see if it was alright for them to show up a little early. Eric called to give me a 15 min. arrival time.My techs were Phil and Eric, they were professional and very friendly, not pushy like some other companies. I was given options and was informed 
on exactly what was to take place. They treated my property with care and made sure the job was done right. Phil was exceptional! He has a great work ethic and payed close attention to details,which is rare these days, he even mopped the hallway going out so not to leave any footprints. Phil gave me some paper shoes just in case I had to get something in one of the rooms before it dried and a bottle of spot remover! I can't say enough about the personal attention to detail and care, What a Great Team!",0,0,0,,Marty B.,"Scottsdale, AZ",0,7,0,,2018-12-10,"Thank you, Marty! Glad we knocked it out of the park for you and I do appreciate you calling me after your service. I'm a perfectionist, too, so I also appreciate the attention to detail as well as the care and concern the techs show in the home!

Have a Merry Christmas - JoAnn",JoAnn T.,https://s3-media0.fl.yelpcdn.com/buphoto/GGodn0JgllzlOvtMdH2asQ/90s.jpg,2018-12-19,0,FALSE,FALSE
https://s3-media0.fl.yelpcdn.com/bphoto/5RQKj7ApZFMGQXro9-Gb3Q/180s.jpg,brimleys-white-glove-chem-dry-mesa-2,Brimley's White Glove Chem-Dry,4,,en,"Using ChemDry in other states, I was always satisfied. At first the stairs looked and smelled cleaner, but as the carpeting began to dry, dirty tracks appeared and the wood floors on the three landings were all marked up from the service man's shoes. I called and they rescheduled to come out and re-did the stairs as well as offering stain guard, not previously offered. The service man used booties and left two pairs for us to use. The job was well done, the second time around.",0,0,0,https://s3-media0.fl.yelpcdn.com/photo/MF5fTLaV8kRKdnZ42OH54g/180s.jpg,Mary B.,"Bonanza, AR",23,147,57,,2016-03-11,,,,,0,FALSE,FALSE
https://s3-media0.fl.yelpcdn.com/bphoto/5RQKj7ApZFMGQXro9-Gb3Q/180s.jpg,brimleys-white-glove-chem-dry-mesa-2,Brimley's White Glove Chem-Dry,5,,en,"Great experience. I had 2 large area rugs and 5 small ones I wanted cleaned. The gentleman that came out was fast, super polite and helpful, and did a great job. Would definitely use again.",0,0,0,https://s3-media0.fl.yelpcdn.com/photo/ccPjfmOcN8-EfVPAWVu8fQ/180s.jpg,Tiffany J.,"PA, PA",113,160,54,,2015-12-20,,,,,0,FALSE,FALSE
https://s3-media0.fl.yelpcdn.com/bphoto/5RQKj7ApZFMGQXro9-Gb3Q/180s.jpg,brimleys-white-glove-chem-dry-mesa-2,Brimley's White Glove Chem-Dry,1,,en,"I was wrong about the technician's name. Also, 2 rooms still have bright florescent urine stains and odor. Tile floor clean except corners and around all baseboards! If the job had been done correctly he first time I wouldn't need to call them back. Will be calling the office to complain about entire experience! We will see if their customer service is truly as good as some other reviews claim!",0,0,0,,Kathy M.,"Mesa, AZ",8,1,0,,2018-10-14,"Thanks for allowing us to come back out and treat the spots that were missed. I appreciate your good words about our techs and even referring us to a friend already!! We appreciate your vote of confidence and appreciate your time in allowing us to get things right. We NEVER intentionally mislead anyone. In fact, we try to give a very fair price range estimate that is higher than we expect but we really did underestimate for you which is never a good surprise. As you said, nobody's perfect but we do try hard. Thanks, again, for your feedback and time. I'm glad it worked out in the end - JoAnn",JoAnn T.,https://s3-media0.fl.yelpcdn.com/buphoto/GGodn0JgllzlOvtMdH2asQ/90s.jpg,2018-10-19,0,FALSE,FALSE
https://s3-media0.fl.yelpcdn.com/bphoto/5RQKj7ApZFMGQXro9-Gb3Q/180s.jpg,brimleys-white-glove-chem-dry-mesa-2,Brimley's White Glove Chem-Dry,5,,en,"We live in the Southern Valley and have two rooms with white carpets. Chance with Brimley's Chem-Dry treated us really well today when he came by to clean our carpets
He was very explanatory about the process, he listened to us with our concerns about the carpets and our plans for them. He explained the entire process, including the treatment for pet stains, the process for removing dog hair from the carpets, what we can expect after the carpets have been cleaned, what to do with the carpets in their care in the future and was very responsive to our desire to modify the carpet cleaning process today for for our particular needs. 
I strongly recommend Brimley's; and Chance Anderson who did our cleaning today was fantastic. 
This is a great company and we would use them at a drop of a hat for any of our carpet cleaning needs in the future. 
Chance's card is going to go into a really safe place because we feel we got a great value and were treated in a highly professional and competent manner. 
Thank you Brimley's White Glove Chem-Dry; you guys are fantastic, and thank you Chance for doing such an awesome job today!!!",0,0,0,https://s3-media0.fl.yelpcdn.com/photo/tNVM__szaYeoukSapXdBOQ/180s.jpg,Marc B.,"Gilbert, AZ",84,39,15,,2016-01-26,,,,,0,FALSE,FALSE
https://s3-media0.fl.yelpcdn.com/bphoto/5RQKj7ApZFMGQXro9-Gb3Q/180s.jpg,brimleys-white-glove-chem-dry-mesa-2,Brimley's White Glove Chem-Dry,1,,en,"They came a couple of weeks ago and did a carpet cleaning  $500 for the whole house... days later I have found a nail , some dog food from the dog who lived and the cArpet  just doesn't smell clean. .. I feel kinda played...",0,0,0,https://s3-media0.fl.yelpcdn.com/photo/EBWWWV53ZQMzErhxnXzb-Q/180s.jpg,Teresa C.,"Phoenix, AZ",86,136,20,,2015-09-10,"We apologize that we didn't live up to this customer's expectations. We have attempted to contact them but our calls haven't been returned. There were no odor concerns from the customer and the $500 included cleaning a sectional as well. Because the customer was moving in, they chose an additional service of sanitizing (carpet & upholstery) to kill germs and bacteria which also added to the cost. Although our techs are very thorough and our systems powerful, we regret that something like a nail would somehow be missed. We always try to knock our customers socks off with cleaning results AND service but we missed the mark for this customer. We apologize for that and regret we didn't have an opportunity to make things right. We always appreciate feedback and the opportunity to improve!",Michael C.,https://s3-media0.fl.yelpcdn.com/buphoto/ErwZfOEWrrD_tssYE-j2LQ/90s.jpg,2015-10-01,0,FALSE,FALSE
https://s3-media0.fl.yelpcdn.com/bphoto/5RQKj7ApZFMGQXro9-Gb3Q/180s.jpg,brimleys-white-glove-chem-dry-mesa-2,Brimley's White Glove Chem-Dry,5,,en,"I love Brimley's White Glove Chem-Dry carpet cleaning. I called to get a quote to have my carpets cleaned and Joann gave me a reasonable quote and said she could fit me in on the same day...Saturday... WOW! I was impressed with the customer service and the professional way that Chance cleaned our carpets.  He also explained how to further take care of my carpets if there ever was an accident from our pets or a stain in the future. It was a very good experience, I would recommend them highly to my friends and family! I will definitely use them again.",0,0,0,https://s3-media0.fl.yelpcdn.com/photo/VCgxeI4VcZrq2hNHGghKeg/180s.jpg,Sheila F.,"Scottsdale, AZ",11,10,4,,2015-09-20,,,,,0,FALSE,FALSE
https://s3-media0.fl.yelpcdn.com/bphoto/5RQKj7ApZFMGQXro9-Gb3Q/180s.jpg,brimleys-white-glove-chem-dry-mesa-2,Brimley's White Glove Chem-Dry,5,,en,"Wonderful service! Had my carpets cleaned today and my house smells so wonderful,  very natural and non toxic.  Every spot i wanted cleaned came up and my carpets look brand new again.  Chance was friendly,  efficient,  and punctual.  He even left me a bottle of the cleaner they use for spots in the future.  Would definately recommend to anyone wanting carpets cleaned.  The person who booked my appointment was also very nice,  and the whole process very easy.",0,0,0,https://s3-media0.fl.yelpcdn.com/photo/j3lKgkmeb6bXZjpKCSK4cw/180s.jpg,Mattie A.,"Las Vegas, NV",2,10,1,,2016-03-11,,,,,0,FALSE,FALSE
https://s3-media0.fl.yelpcdn.com/bphoto/5RQKj7ApZFMGQXro9-Gb3Q/180s.jpg,brimleys-white-glove-chem-dry-mesa-2,Brimley's White Glove Chem-Dry,5,,en,"Such great service, from the first phone call and scheduling to confirmation and follow up.  Our white carpets had seen better days but Brimley's did an amazing job.  There were some stains that were difficult to remove, but they got them out and the carpets look amazing! Phil was friendly and courteous and explained everything; from what he needed to do to an exact price. He did a great job!  We have used their service before and we highly recommend Brimley's in Mesa AZ.",0,0,0,,Lynn O.,"Eugene, OR",0,12,0,,2017-11-18,YAY - Phil loves the challenge of eliminating spots that a customer didn't think would come out. I love his attention to detail. Glad you were thrilled - JoAnn,Michael C.,https://s3-media0.fl.yelpcdn.com/buphoto/ErwZfOEWrrD_tssYE-j2LQ/90s.jpg,2017-11-21,0,FALSE,FALSE
https://s3-media0.fl.yelpcdn.com/bphoto/5RQKj7ApZFMGQXro9-Gb3Q/180s.jpg,brimleys-white-glove-chem-dry-mesa-2,Brimley's White Glove Chem-Dry,5,,en,"Absolutely great customer service. From setting up the appointment, to the communication received up to the appointment. Very thorough, professional and courteous. It was a wonderful experience and I would absolutely hire again and also refer to friends and family.",0,0,0,https://s3-media0.fl.yelpcdn.com/photo/6MdyhzXbniZLy24j0yV6hw/180s.jpg,Jeff T.,"Phoenix, AZ",0,4,4,,2015-11-30,,,,,0,FALSE,FALSE
https://s3-media0.fl.yelpcdn.com/bphoto/5RQKj7ApZFMGQXro9-Gb3Q/180s.jpg,brimleys-white-glove-chem-dry-mesa-2,Brimley's White Glove Chem-Dry,5,,en,Very impressed with the entire transaction. Scheduling was a breeze and she was very courteous. Vance did a fantastic job explaining my options and I didn't feel pressured to pay for a service I truly didn't need at this time. It's nice dealing with a company where the techs are dressed professionally and they actually have social skills. I appreciated the follow up phone call and will definitely use Chem Dry next time!,0,0,0,https://s3-media0.fl.yelpcdn.com/photo/vQNhhtQ6I2rtisufM5Lb2g/180s.jpg,T M.,"Gilbert, AZ",0,5,7,,2015-11-23,,,,,0,FALSE,FALSE
https://s3-media0.fl.yelpcdn.com/bphoto/5RQKj7ApZFMGQXro9-Gb3Q/180s.jpg,brimleys-white-glove-chem-dry-mesa-2,Brimley's White Glove Chem-Dry,5,,en,"This company always does a fantastic job ! The technicians are always extremely helpful, and efficient- willing to go the extra mile- helping to move items, etc. Chance was our tech the last 2 times and he was wonderful ! Highly recommend this company- the scheduling staff is also extremely helpful and friendly.",0,0,0,https://s3-media0.fl.yelpcdn.com/photo/S0RGk1CY93G61oYxj5t2dw/180s.jpg,Melva S.,"Mesa, AZ",40,6,0,,2015-01-12,,,,,0,FALSE,FALSE
https://s3-media0.fl.yelpcdn.com/bphoto/5RQKj7ApZFMGQXro9-Gb3Q/180s.jpg,brimleys-white-glove-chem-dry-mesa-2,Brimley's White Glove Chem-Dry,5,,en,"Dave and David did an excellent job on the tile and grout at my home. They also cleaned some carpet and an area rug. It's amazing how much happier having clean floors can make you!  The guys were very nice and professional. When you have kids, these are the type of people you want in your home. I got an appt right away, they did excellent work and were kind and professional. Even got a very nice, personal thank you from them. Always use Chem Dry on carpet. Stays cleaner longer and dries so quickly!",0,0,0,,Kelly D.,"Scottsdale, AZ",0,12,1,,2017-09-06,"Thank you, Kelly! We pride ourselves on our clean-cut technicians and aim for the very best service AND cleaning so we're glad to hear that formula works for you :) Thanks so much for taking the time to share your experience with others - it makes a world of difference to us! We hope to be of service again - JoAnn",Michael C.,https://s3-media0.fl.yelpcdn.com/buphoto/ErwZfOEWrrD_tssYE-j2LQ/90s.jpg,2017-09-08,0,FALSE,FALSE
https://s3-media0.fl.yelpcdn.com/bphoto/5RQKj7ApZFMGQXro9-Gb3Q/180s.jpg,brimleys-white-glove-chem-dry-mesa-2,Brimley's White Glove Chem-Dry,5,,en,"I was scheduled to have carpets cleaned and some of my tile by another  reputable company that I have used for 3 years.....day of scheduled appointment, owner calls and says he is really behind... that was 9:30, appointment was between 9-10:00. We spoke and agreed on the following day... same timeframe. No show, no text, no call. I called around 11:00 and left text message... no response until 12:30... he was ill but would be out in an hour... I told him I have moved on. In the mix of this day, I called Mike at Brimleys , this gentleman listen to my sad story and said ""Let's see what we can do for you to get the job done today."" Omg, within 5 mins he was able to get a team out by 2:30. Casey and Ryan came and did such a fantastic job!! They were very knowledgeable about the company's products and system they used and answered every question I asked. My very clean carpets dried in one half the time as the previous company that used a different water based system. I want to say ""thank you Mike for taking the stress out of my day and also to Casey and Ryan!""  I will see you next year
For sure!! 
My best to you all!",0,0,0,,Karry V.,"Gold Canyon, AZ",0,27,1,,2017-09-01,"Thank you so much for your kind words. We're glad Michael was able to do a little route juggling to enable Ryan and Casey to come to your rescue!! Michael is such a gem in the office-he takes the stress out of a lot of my days :) 

Until next year - JoAnn",Michael C.,https://s3-media0.fl.yelpcdn.com/buphoto/ErwZfOEWrrD_tssYE-j2LQ/90s.jpg,2017-09-08,0,FALSE,FALSE
https://s3-media0.fl.yelpcdn.com/bphoto/5RQKj7ApZFMGQXro9-Gb3Q/180s.jpg,brimleys-white-glove-chem-dry-mesa-2,Brimley's White Glove Chem-Dry,5,,en,"Highly recommend their service!  Excellent job on my carpets and very professional service agent.  Took special care with vacuuming and cleaning.  Totally impressed! 
My best experience with a carpet cleaning service and will use them in the future.
Also, timely appointment and office assistance.",0,0,0,,Judy S.,"Chandler, AZ",0,1,0,,2013-05-02,,,,,0,FALSE,FALSE
https://s3-media0.fl.yelpcdn.com/bphoto/5RQKj7ApZFMGQXro9-Gb3Q/180s.jpg,brimleys-white-glove-chem-dry-mesa-2,Brimley's White Glove Chem-Dry,5,,en,"Jacob has serviced our house before and we were able to have his great service again this morning on SHORT notice !!  We had some pretty bad sudden/fresh marks that he was able to get up and clean, thank god. He was efficient and fast and very understanding to our needs.  You can tell he's compassionate about his work !!  Thanks 
call now if you need your carpets cleaned !!",0,0,0,,Kristin V.,"Gilbert, AZ",0,2,1,,2015-01-21,,,,,0,FALSE,FALSE
https://s3-media0.fl.yelpcdn.com/bphoto/5RQKj7ApZFMGQXro9-Gb3Q/180s.jpg,brimleys-white-glove-chem-dry-mesa-2,Brimley's White Glove Chem-Dry,5,,en,"I can say with certainty that the owner of this company cares deeply about the quality of their work. I posted a less than glowing review, and he responded promptly to look in to the matter. He has no record of performing our carpet cleaning, so I will not let a negative review remain here.",0,0,0,https://s3-media0.fl.yelpcdn.com/photo/Q1WfR4PUeKNIRCvaKmlZVQ/180s.jpg,Veronica L.,"Mesa, AZ",4,7,0,,2015-06-13,,,,,0,FALSE,FALSE
https://s3-media0.fl.yelpcdn.com/bphoto/5RQKj7ApZFMGQXro9-Gb3Q/180s.jpg,brimleys-white-glove-chem-dry-mesa-2,Brimley's White Glove Chem-Dry,5,,en,"Absolutely fantastic service! Well worth the money. Our specialist, Rob, was timely, super friendly, walked me through every step and allowed me to take my son to breakfast versus waiting. He called me both before arrival and when he was finished. The chemicals are baby and pet safe and truly clean amazingly. Also a shout-out to Jenny and Michael in the office. I had to reschedule many times due to mistakes made by our mortgage company, causing a delay in our signing and access to the new house. They helped me and commiserated every time I had to reschedule. I would 100% recommend this company!!!",1,0,0,,Katie R.,"Tempe, AZ",59,11,1,,2016-09-19,,,,,0,FALSE,FALSE
https://s3-media0.fl.yelpcdn.com/bphoto/5RQKj7ApZFMGQXro9-Gb3Q/180s.jpg,brimleys-white-glove-chem-dry-mesa-2,Brimley's White Glove Chem-Dry,5,,en,"The dispatcher was able to get someone over the same day. I didn't catch the cleaning Tech's name but he was completely professional, worked around other cleaning people who were in the house without disruption, and did a completely great job. Based on my experience with this one tech I would use this service again.",0,0,2,,David S.,"Mesa, AZ",0,11,0,,2014-06-18,,,,,0,FALSE,FALSE
https://s3-media0.fl.yelpcdn.com/bphoto/5RQKj7ApZFMGQXro9-Gb3Q/180s.jpg,brimleys-white-glove-chem-dry-mesa-2,Brimley's White Glove Chem-Dry,5,,en,"Rob arrived before his scheduled time.  He was fast, efficient and cleaned my carpets as if they were his own.  I highly recommend Brimley's and Rob's expert service!",0,0,0,,Cheryl A.,"Phoenix, AZ",0,11,1,,2016-11-11,,,,,0,FALSE,FALSE
https://s3-media0.fl.yelpcdn.com/bphoto/5RQKj7ApZFMGQXro9-Gb3Q/180s.jpg,brimleys-white-glove-chem-dry-mesa-2,Brimley's White Glove Chem-Dry,5,,en,Highly recommend these guys. Friendly receptionist got me Saturday appt. Phone quote pretty close to final bill. Tech Jacob was outstanding. Called ahead and was on the early side of the 2 hour window..Also grateful for the short window. Jacob was very conscientious with his work and very mindful of my animals..very pleased with the work and getting out cat urine smell. Even left me a bottle of pet odor cleaner..,0,0,1,,Kern G.,"Gilbert, AZ",0,45,12,,2015-05-26,,,,,0,FALSE,FALSE
https://s3-media0.fl.yelpcdn.com/bphoto/5RQKj7ApZFMGQXro9-Gb3Q/180s.jpg,brimleys-white-glove-chem-dry-mesa-2,Brimley's White Glove Chem-Dry,5,,en,My experience was wonderful with this company! My carpet cleaning tech was Rob and he went above and beyond to ensure I got the correct package for carpet cleaning since I kid moved into a home where the carpets were saturated with cat urine. Rob had exceptional customer service and I am so thankful I used Brimleys White Glove Chem Dry not only because of their products but mainly because Rob's level of professionalism. Thank you Rob!!,0,0,0,,Laura H.,"Queen Creek, AZ",0,7,1,,2016-08-19,,,,,0,FALSE,FALSE
https://s3-media0.fl.yelpcdn.com/bphoto/5RQKj7ApZFMGQXro9-Gb3Q/180s.jpg,brimleys-white-glove-chem-dry-mesa-2,Brimley's White Glove Chem-Dry,5,,en,Fast and good - just make sure you know how the pricing works per square foot in advance,0,0,0,,Chris W.,"Scottsdale, AZ",20,16,0,,2016-02-15,,,,,0,FALSE,FALSE
https://s3-media0.fl.yelpcdn.com/bphoto/5RQKj7ApZFMGQXro9-Gb3Q/180s.jpg,brimleys-white-glove-chem-dry-mesa-2,Brimley's White Glove Chem-Dry,3,,en,I just removed a less than stellar review of this business based upon my service experience last week.  Since that time Brimley's has been back in touch and offered an olive branch and a service credit for my trouble.  I appreciate the follow-up and feel it only fair to post this information also.  I will be using their services again and fully expect my future service calls to be as pleasant as in years past.,0,0,0,,Carole P.,"Scottsdale, AZ",0,5,3,,2016-08-13,,,,,0,FALSE,FALSE
https://s3-media0.fl.yelpcdn.com/bphoto/5RQKj7ApZFMGQXro9-Gb3Q/180s.jpg,brimleys-white-glove-chem-dry-mesa-2,Brimley's White Glove Chem-Dry,5,,en,"I have used Brimley's multiple times for carpet cleaning and to clean our outdoor furniture.  They do great work, are always on time, always call to let you know when they are coming.  Dave was professional and did a great job.",0,0,0,,Karen K.,"Paradise Valley, AZ",0,6,0,,2016-05-13,,,,,0,FALSE,FALSE
https://s3-media0.fl.yelpcdn.com/bphoto/5RQKj7ApZFMGQXro9-Gb3Q/180s.jpg,brimleys-white-glove-chem-dry-mesa-2,Brimley's White Glove Chem-Dry,5,,en,My carpet is over 10 years old and I have been getting it cleaned regularly by different companies that use a different method.  Before I had it cleaned by Brimley's I was seriously thinking about replacing it.  I had my carpet cleaned 2 weeks ago by a young man named Chance and I have been waiting to post a review because usually all the old spots that were present before the cleaning start to reappear about a week after the cleaning.  I am happy to report that the carpet still looks great!  The whole experience from scheduling the cleaning to having the work done was very positive!,0,0,0,,Steve M.,"Mesa, AZ",0,10,0,,2015-11-30,,,,,0,FALSE,FALSE
https://s3-media0.fl.yelpcdn.com/bphoto/5RQKj7ApZFMGQXro9-Gb3Q/180s.jpg,brimleys-white-glove-chem-dry-mesa-2,Brimley's White Glove Chem-Dry,5,,en,"From my initial phone call asking for service, all the way through to the follow-up call they made the next day, everyone was professional and courteous. Dave, who cleaned my carpets, was fantastic! He showed up on time, professionally and cleanly dressed, asked the right questions, and made me feel comfortable right from the start. The carpet looks great, the stains have been removed and I am happy with the results. I highly recommend Brimley's White Glove Chem-Dry!",0,0,0,,Lj W.,"Scottsdale, AZ",0,3,0,,2015-11-07,,,,,0,FALSE,FALSE
https://s3-media0.fl.yelpcdn.com/bphoto/5RQKj7ApZFMGQXro9-Gb3Q/180s.jpg,brimleys-white-glove-chem-dry-mesa-2,Brimley's White Glove Chem-Dry,5,,en,"Wonderful customer service!  They did a great job on cleaning the carpets of the home we purchased prior to us moving in.  They had to come back out to clean a very soiled area again...and were so nice and helpful!  You can tell this company takes pride in their reputation and puts the customers FIRST!  Who could ask for anything more, right?",0,0,0,,Tisha L.,"Gilbert, AZ",0,4,0,,2015-04-06,,,,,0,FALSE,FALSE
https://s3-media0.fl.yelpcdn.com/bphoto/5RQKj7ApZFMGQXro9-Gb3Q/180s.jpg,brimleys-white-glove-chem-dry-mesa-2,Brimley's White Glove Chem-Dry,2,,en,"Just had my carpets cleaned and I can't say it's any better than other places I have used.  The technician was professional, on time, and very nice.  The prices aren't bad either.  I have to say though that the product being sold isn't as advertised.  On their website they advertise the ""8 step cleaning process"" and I really only got about 4 of those steps (mind you I did move my own furniture).  The tech came in, looked at the rooms I wanted cleaned, then started the extraction process without even vacuuming or pre-treating. I had to ask about some left over areas that didn't appear clean so he ended up spraying a treatment and re-running the machine over it.  This did not help those areas however and I was told it was just due to wear.  This may be correct but I just didn't feel like I should have had to ask to get a treatment that should have been done in the first place .  The rest of the carpet looked good.  Overall not a bad experience, I just like to get what is advertised.",2,0,2,,D R.,"Gilbert, AZ",0,7,0,,2015-04-01,I'm so sorry we didn't meet your expectations! We do have an 8-step cleaning process and do expect our technicians to follow it on every job. I appreciate the feedback and have shared it with my team so we can be sure everyone is doing everything they can to delight our customers. I hope you will give us another chance someday.,Michael C.,https://s3-media0.fl.yelpcdn.com/buphoto/ErwZfOEWrrD_tssYE-j2LQ/90s.jpg,2015-04-06,0,FALSE,FALSE