{
  "main": [
    {
      "name": "Home",
      "url": "/"
    },
    {
      "name": "About us",
      "url": "/about"
    },
    {
      "name": "Use case",
      "url": "/usecase"
    },
    {
      "name": "Blog",
      "url": "/blog"
    },
    {
      "name": "Pricing",
      "url": "/pricing"
    },
    {
      "name": "Pages",
      "url": "",
      "hasChildren": true,
      "children": [
        {
          "name": "Our Team",
          "url": "/team"
        },
        {
          "name": "Career",
          "url": "/career"
        },
        {
          "name": "Contact us",
          "url": "/contact"
        },
        {
          "name": "FAQ",
          "url": "/faq"
        },
        {
          "name": "404 Page",
          "url": "/404"
        }
      ]
    }
  ],
  "footer": [
    {
      "name": "Company",
      "url": "",
      "hasChildren": true,
      "children": [
        {
          "name": "About us",
          "url": "/about"
        },
        {
          "name": "FAQ",
          "url": "/faq"
        },
        {
          "name": "Contact",
          "url": "/contact"
        }
      ]
    },
    {
      "name": "Pages",
      "url": "",
      "hasChildren": true,
      "children": [
        {
          "name": "Our team",
          "url": "/team"
        },
        {
          "name": "Career",
          "url": "/career"
        },
        {
          "name": "404 Page",
          "url": "/404"
        }
      ]
    }
  ]
}
