{
  "colors": {
    "default": {
      "theme_color": {
        "primary": "#FFDD00",
        "body": "#FBFBFB",
        "border": "#eaeaea",
        "light": "#f4f4f4",
        "warn": "#f50000",
        "section": "#ffffff",
        "footer": "#121926"
      },
      "text_color": {
        "text": "#444444",
        "text-dark": "#040404",
        "text-light": "#666666"
      }
    }
  },
  "fonts": {
    "font_family": {
      "primary": "Lato:wght@100;300;400;700;900",
      "primary_type": "sans-serif",
      "secondary": "Raleway:wght@400;500;600;700;800;900",
      "secondary_type": "sans-serif"
    },
    "font_size": { "base": "16", "scale": "1.205" }
  }
}
